<?xml version="1.0"?>
<queXF>
  <questionnaire>
    <id>55156</id>
    <section id="1">
      <label>ANAGRAFICA</label>
      <title>Section A</title>
    </section>
    <section id="2">
      <label>OPEN DATA</label>
      <title>Section B</title>
    </section>
    <section id="3">
      <label>DATI E FORMATI "APERTI"</label>
      <title>Section C</title>
    </section>
    <section id="4">
      <label>FORMATO DATI</label>
      <title>Section D</title>
    </section>
    <section id="5">
      <label>SOFTWARE e LICENZE LIBERE</label>
      <title>Section E</title>
    </section>
    <section id="6">
      <label>PROGETTI IN CORSO</label>
      <title>Section F</title>
    </section>
    <section id="7">
      <label>AMBITO DI APPLICAZIONE E/O DI UTILIZZO DEL SOFTWARE</label>
      <title>Section G</title>
    </section>
    <section id="8">
      <label>STRUMENTI LIBERI E/O OPEN SOURCE CONOSCIUTI e/o UTILIZZATI</label>
      <title>Section H</title>
    </section>
    <section id="9">
      <label>SOFTWARE PROPRIETARIO</label>
      <title>Section I</title>
    </section>
    <section id="10">
      <label>MOTIVAZIONI SULL'USO DI SOFTWARE LIBERO E/O OPEN SOURCE</label>
      <title>Section J</title>
    </section>
    <page>
      <id>05515601</id>
      <tlx>168</tlx>
      <tly>168</tly>
      <trx>2312</trx>
      <try>168</try>
      <brx>2312</brx>
      <bry>3340</bry>
      <blx>168</blx>
      <bly>3340</bly>
      <rotation>0</rotation>
      <boxgroup>
        <type>1</type>
        <width>4</width>
        <varname>55156X426X7170</varname>
        <sortorder>1</sortorder>
        <label>Tipo di azienda / ente di appartenenza : </label>
        <groupsection idref="1"/>
        <box>
          <tlx>1984</tlx>
          <tly>1105</tly>
          <brx>2043</brx>
          <bry>1164</bry>
          <value>A5</value>
          <label>Consorzio</label>
        </box>
        <box>
          <tlx>1984</tlx>
          <tly>1206</tly>
          <brx>2043</brx>
          <bry>1265</bry>
          <value>A2</value>
          <label>Ente pubblico</label>
        </box>
        <box>
          <tlx>1984</tlx>
          <tly>1312</tly>
          <brx>2043</brx>
          <bry>1371</bry>
          <value>A3</value>
          <label>Libero professionista</label>
        </box>
        <box>
          <tlx>1984</tlx>
          <tly>1418</tly>
          <brx>2043</brx>
          <bry>1477</bry>
          <value>A1</value>
          <label>Privata</label>
        </box>
        <box>
          <tlx>1984</tlx>
          <tly>1524</tly>
          <brx>2043</brx>
          <bry>1583</bry>
          <value>A4</value>
          <label>Universit&#xE0; / Scuola</label>
        </box>
        <box>
          <tlx>1984</tlx>
          <tly>1619</tly>
          <brx>2043</brx>
          <bry>1678</bry>
          <value>-oth</value>
          <label>Altro</label>
        </box>
      </boxgroup>
      <boxgroup>
        <type>3</type>
        <width>24</width>
        <varname>55156X426X7170other</varname>
        <sortorder>2</sortorder>
        <label>Altro</label>
        <groupsection idref="1"/>
        <box>
          <tlx>353</tlx>
          <tly>1788</tly>
          <brx>424</brx>
          <bry>1882</bry>
          <value></value>
          <label></label>
        </box>
        <box>
          <tlx>426</tlx>
          <tly>1788</tly>
          <brx>497</brx>
          <bry>1882</bry>
          <value></value>
          <label></label>
        </box>
        <box>
          <tlx>498</tlx>
          <tly>1788</tly>
          <brx>569</brx>
          <bry>1882</bry>
          <value></value>
          <label></label>
        </box>
        <box>
          <tlx>571</tlx>
          <tly>1788</tly>
          <brx>642</brx>
          <bry>1882</bry>
          <value></value>
          <label></label>
        </box>
        <box>
          <tlx>644</tlx>
          <tly>1788</tly>
          <brx>715</brx>
          <bry>1882</bry>
          <value></value>
          <label></label>
        </box>
        <box>
          <tlx>716</tlx>
          <tly>1788</tly>
          <brx>787</brx>
          <bry>1882</bry>
          <value></value>
          <label></label>
        </box>
        <box>
          <tlx>789</tlx>
          <tly>1788</tly>
          <brx>860</brx>
          <bry>1882</bry>
          <value></value>
          <label></label>
        </box>
        <box>
          <tlx>862</tlx>
          <tly>1788</tly>
          <brx>932</brx>
          <bry>1882</bry>
          <value></value>
          <label></label>
        </box>
        <box>
          <tlx>934</tlx>
          <tly>1788</tly>
          <brx>1005</brx>
          <bry>1882</bry>
          <value></value>
          <label></label>
        </box>
        <box>
          <tlx>1007</tlx>
          <tly>1788</tly>
          <brx>1078</brx>
          <bry>1882</bry>
          <value></value>
          <label></label>
        </box>
        <box>
          <tlx>1080</tlx>
          <tly>1788</tly>
          <brx>1150</brx>
          <bry>1882</bry>
          <value></value>
          <label></label>
        </box>
        <box>
          <tlx>1152</tlx>
          <tly>1788</tly>
          <brx>1223</brx>
          <bry>1882</bry>
          <value></value>
          <label></label>
        </box>
        <box>
          <tlx>1225</tlx>
          <tly>1788</tly>
          <brx>1296</brx>
          <bry>1882</bry>
          <value></value>
          <label></label>
        </box>
        <box>
          <tlx>1297</tlx>
          <tly>1788</tly>
          <brx>1368</brx>
          <bry>1882</bry>
          <value></value>
          <label></label>
        </box>
        <box>
          <tlx>1370</tlx>
          <tly>1788</tly>
          <brx>1441</brx>
          <bry>1882</bry>
          <value></value>
          <label></label>
        </box>
        <box>
          <tlx>1443</tlx>
          <tly>1788</tly>
          <brx>1514</brx>
          <bry>1882</bry>
          <value></value>
          <label></label>
        </box>
        <box>
          <tlx>1515</tlx>
          <tly>1788</tly>
          <brx>1586</brx>
          <bry>1882</bry>
          <value></value>
          <label></label>
        </box>
        <box>
          <tlx>1588</tlx>
          <tly>1788</tly>
          <brx>1659</brx>
          <bry>1882</bry>
          <value></value>
          <label></label>
        </box>
        <box>
          <tlx>1661</tlx>
          <tly>1788</tly>
          <brx>1731</brx>
          <bry>1882</bry>
          <value></value>
          <label></label>
        </box>
        <box>
          <tlx>1733</tlx>
          <tly>1788</tly>
          <brx>1804</brx>
          <bry>1882</bry>
          <value></value>
          <label></label>
        </box>
        <box>
          <tlx>1806</tlx>
          <tly>1788</tly>
          <brx>1877</brx>
          <bry>1882</bry>
          <value></value>
          <label></label>
        </box>
        <box>
          <tlx>1879</tlx>
          <tly>1788</tly>
          <brx>1949</brx>
          <bry>1882</bry>
          <value></value>
          <label></label>
        </box>
        <box>
          <tlx>1951</tlx>
          <tly>1788</tly>
          <brx>2022</brx>
          <bry>1882</bry>
          <value></value>
          <label></label>
        </box>
        <box>
          <tlx>2024</tlx>
          <tly>1788</tly>
          <brx>2095</brx>
          <bry>1882</bry>
          <value></value>
          <label></label>
        </box>
      </boxgroup>
      <boxgroup>
        <type>1</type>
        <width>4</width>
        <varname>55156X426X7171</varname>
        <sortorder>3</sortorder>
        <label>Numero di dipendenti : </label>
        <groupsection idref="1"/>
        <box>
          <tlx>1984</tlx>
          <tly>1998</tly>
          <brx>2043</brx>
          <bry>2057</bry>
          <value>A1</value>
          <label>Inferiore a 10</label>
        </box>
        <box>
          <tlx>1984</tlx>
          <tly>2098</tly>
          <brx>2043</brx>
          <bry>2157</bry>
          <value>A2</value>
          <label>Compresi tra 11 e 50</label>
        </box>
        <box>
          <tlx>1984</tlx>
          <tly>2205</tly>
          <brx>2043</brx>
          <bry>2264</bry>
          <value>A3</value>
          <label>Compresi tra 51 e 100</label>
        </box>
        <box>
          <tlx>1984</tlx>
          <tly>2311</tly>
          <brx>2043</brx>
          <bry>2370</bry>
          <value>A4</value>
          <label>Compresi tra 101 e 500</label>
        </box>
        <box>
          <tlx>1984</tlx>
          <tly>2417</tly>
          <brx>2043</brx>
          <bry>2476</bry>
          <value>A5</value>
          <label>Compresi tra 501 e 1000</label>
        </box>
        <box>
          <tlx>1984</tlx>
          <tly>2523</tly>
          <brx>2043</brx>
          <bry>2583</bry>
          <value>A6</value>
          <label>Oltre 1000</label>
        </box>
        <box>
          <tlx>1984</tlx>
          <tly>2630</tly>
          <brx>2043</brx>
          <bry>2689</bry>
          <value>A7</value>
          <label>Non so / Non voglio rispondere</label>
        </box>
        <box>
          <tlx>1984</tlx>
          <tly>2724</tly>
          <brx>2043</brx>
          <bry>2783</bry>
          <value>-oth</value>
          <label>Altro</label>
        </box>
      </boxgroup>
      <boxgroup>
        <type>3</type>
        <width>24</width>
        <varname>55156X426X7171other</varname>
        <sortorder>4</sortorder>
        <label>Altro</label>
        <groupsection idref="1"/>
        <box>
          <tlx>353</tlx>
          <tly>2893</tly>
          <brx>424</brx>
          <bry>2988</bry>
          <value></value>
          <label></label>
        </box>
        <box>
          <tlx>426</tlx>
          <tly>2893</tly>
          <brx>497</brx>
          <bry>2988</bry>
          <value></value>
          <label></label>
        </box>
        <box>
          <tlx>498</tlx>
          <tly>2893</tly>
          <brx>569</brx>
          <bry>2988</bry>
          <value></value>
          <label></label>
        </box>
        <box>
          <tlx>571</tlx>
          <tly>2893</tly>
          <brx>642</brx>
          <bry>2988</bry>
          <value></value>
          <label></label>
        </box>
        <box>
          <tlx>644</tlx>
          <tly>2893</tly>
          <brx>715</brx>
          <bry>2988</bry>
          <value></value>
          <label></label>
        </box>
        <box>
          <tlx>716</tlx>
          <tly>2893</tly>
          <brx>787</brx>
          <bry>2988</bry>
          <value></value>
          <label></label>
        </box>
        <box>
          <tlx>789</tlx>
          <tly>2893</tly>
          <brx>860</brx>
          <bry>2988</bry>
          <value></value>
          <label></label>
        </box>
        <box>
          <tlx>862</tlx>
          <tly>2893</tly>
          <brx>932</brx>
          <bry>2988</bry>
          <value></value>
          <label></label>
        </box>
        <box>
          <tlx>934</tlx>
          <tly>2893</tly>
          <brx>1005</brx>
          <bry>2988</bry>
          <value></value>
          <label></label>
        </box>
        <box>
          <tlx>1007</tlx>
          <tly>2893</tly>
          <brx>1078</brx>
          <bry>2988</bry>
          <value></value>
          <label></label>
        </box>
        <box>
          <tlx>1080</tlx>
          <tly>2893</tly>
          <brx>1150</brx>
          <bry>2988</bry>
          <value></value>
          <label></label>
        </box>
        <box>
          <tlx>1152</tlx>
          <tly>2893</tly>
          <brx>1223</brx>
          <bry>2988</bry>
          <value></value>
          <label></label>
        </box>
        <box>
          <tlx>1225</tlx>
          <tly>2893</tly>
          <brx>1296</brx>
          <bry>2988</bry>
          <value></value>
          <label></label>
        </box>
        <box>
          <tlx>1297</tlx>
          <tly>2893</tly>
          <brx>1368</brx>
          <bry>2988</bry>
          <value></value>
          <label></label>
        </box>
        <box>
          <tlx>1370</tlx>
          <tly>2893</tly>
          <brx>1441</brx>
          <bry>2988</bry>
          <value></value>
          <label></label>
        </box>
        <box>
          <tlx>1443</tlx>
          <tly>2893</tly>
          <brx>1514</brx>
          <bry>2988</bry>
          <value></value>
          <label></label>
        </box>
        <box>
          <tlx>1515</tlx>
          <tly>2893</tly>
          <brx>1586</brx>
          <bry>2988</bry>
          <value></value>
          <label></label>
        </box>
        <box>
          <tlx>1588</tlx>
          <tly>2893</tly>
          <brx>1659</brx>
          <bry>2988</bry>
          <value></value>
          <label></label>
        </box>
        <box>
          <tlx>1661</tlx>
          <tly>2893</tly>
          <brx>1731</brx>
          <bry>2988</bry>
          <value></value>
          <label></label>
        </box>
        <box>
          <tlx>1733</tlx>
          <tly>2893</tly>
          <brx>1804</brx>
          <bry>2988</bry>
          <value></value>
          <label></label>
        </box>
        <box>
          <tlx>1806</tlx>
          <tly>2893</tly>
          <brx>1877</brx>
          <bry>2988</bry>
          <value></value>
          <label></label>
        </box>
        <box>
          <tlx>1879</tlx>
          <tly>2893</tly>
          <brx>1949</brx>
          <bry>2988</bry>
          <value></value>
          <label></label>
        </box>
        <box>
          <tlx>1951</tlx>
          <tly>2893</tly>
          <brx>2022</brx>
          <bry>2988</bry>
          <value></value>
          <label></label>
        </box>
        <box>
          <tlx>2024</tlx>
          <tly>2893</tly>
          <brx>2095</brx>
          <bry>2988</bry>
          <value></value>
          <label></label>
        </box>
      </boxgroup>
    </page>
    <page>
      <id>05515602</id>
      <tlx>168</tlx>
      <tly>168</tly>
      <trx>2312</trx>
      <try>168</try>
      <brx>2312</brx>
      <bry>3340</bry>
      <blx>168</blx>
      <bly>3340</bly>
      <rotation>0</rotation>
      <boxgroup>
        <type>1</type>
        <width>4</width>
        <varname>55156X426X7172</varname>
        <sortorder>5</sortorder>
        <label>Area di lavoro prevalente : </label>
        <groupsection idref="1"/>
        <box>
          <tlx>1984</tlx>
          <tly>304</tly>
          <brx>2043</brx>
          <bry>363</bry>
          <value>A1</value>
          <label>Amministrativa</label>
        </box>
        <box>
          <tlx>1984</tlx>
          <tly>404</tly>
          <brx>2043</brx>
          <bry>463</bry>
          <value>A2</value>
          <label>Information and Communication Technologies (ICT)</label>
        </box>
        <box>
          <tlx>1984</tlx>
          <tly>510</tly>
          <brx>2043</brx>
          <bry>569</bry>
          <value>A3</value>
          <label>Commerciale</label>
        </box>
        <box>
          <tlx>1984</tlx>
          <tly>617</tly>
          <brx>2043</brx>
          <bry>676</bry>
          <value>A4</value>
          <label>Educazione</label>
        </box>
        <box>
          <tlx>1984</tlx>
          <tly>723</tly>
          <brx>2043</brx>
          <bry>782</bry>
          <value>A5</value>
          <label>Ricerca</label>
        </box>
        <box>
          <tlx>1984</tlx>
          <tly>829</tly>
          <brx>2043</brx>
          <bry>888</bry>
          <value>A7</value>
          <label>Studente</label>
        </box>
        <box>
          <tlx>1984</tlx>
          <tly>935</tly>
          <brx>2043</brx>
          <bry>995</bry>
          <value>A6</value>
          <label>Tecnica</label>
        </box>
        <box>
          <tlx>1984</tlx>
          <tly>1030</tly>
          <brx>2043</brx>
          <bry>1089</bry>
          <value>-oth</value>
          <label>Altro</label>
        </box>
      </boxgroup>
      <boxgroup>
        <type>3</type>
        <width>24</width>
        <varname>55156X426X7172other</varname>
        <sortorder>6</sortorder>
        <label>Altro</label>
        <groupsection idref="1"/>
        <box>
          <tlx>353</tlx>
          <tly>1199</tly>
          <brx>424</brx>
          <bry>1293</bry>
          <value></value>
          <label></label>
        </box>
        <box>
          <tlx>426</tlx>
          <tly>1199</tly>
          <brx>497</brx>
          <bry>1293</bry>
          <value></value>
          <label></label>
        </box>
        <box>
          <tlx>498</tlx>
          <tly>1199</tly>
          <brx>569</brx>
          <bry>1293</bry>
          <value></value>
          <label></label>
        </box>
        <box>
          <tlx>571</tlx>
          <tly>1199</tly>
          <brx>642</brx>
          <bry>1293</bry>
          <value></value>
          <label></label>
        </box>
        <box>
          <tlx>644</tlx>
          <tly>1199</tly>
          <brx>715</brx>
          <bry>1293</bry>
          <value></value>
          <label></label>
        </box>
        <box>
          <tlx>716</tlx>
          <tly>1199</tly>
          <brx>787</brx>
          <bry>1293</bry>
          <value></value>
          <label></label>
        </box>
        <box>
          <tlx>789</tlx>
          <tly>1199</tly>
          <brx>860</brx>
          <bry>1293</bry>
          <value></value>
          <label></label>
        </box>
        <box>
          <tlx>862</tlx>
          <tly>1199</tly>
          <brx>932</brx>
          <bry>1293</bry>
          <value></value>
          <label></label>
        </box>
        <box>
          <tlx>934</tlx>
          <tly>1199</tly>
          <brx>1005</brx>
          <bry>1293</bry>
          <value></value>
          <label></label>
        </box>
        <box>
          <tlx>1007</tlx>
          <tly>1199</tly>
          <brx>1078</brx>
          <bry>1293</bry>
          <value></value>
          <label></label>
        </box>
        <box>
          <tlx>1080</tlx>
          <tly>1199</tly>
          <brx>1150</brx>
          <bry>1293</bry>
          <value></value>
          <label></label>
        </box>
        <box>
          <tlx>1152</tlx>
          <tly>1199</tly>
          <brx>1223</brx>
          <bry>1293</bry>
          <value></value>
          <label></label>
        </box>
        <box>
          <tlx>1225</tlx>
          <tly>1199</tly>
          <brx>1296</brx>
          <bry>1293</bry>
          <value></value>
          <label></label>
        </box>
        <box>
          <tlx>1297</tlx>
          <tly>1199</tly>
          <brx>1368</brx>
          <bry>1293</bry>
          <value></value>
          <label></label>
        </box>
        <box>
          <tlx>1370</tlx>
          <tly>1199</tly>
          <brx>1441</brx>
          <bry>1293</bry>
          <value></value>
          <label></label>
        </box>
        <box>
          <tlx>1443</tlx>
          <tly>1199</tly>
          <brx>1514</brx>
          <bry>1293</bry>
          <value></value>
          <label></label>
        </box>
        <box>
          <tlx>1515</tlx>
          <tly>1199</tly>
          <brx>1586</brx>
          <bry>1293</bry>
          <value></value>
          <label></label>
        </box>
        <box>
          <tlx>1588</tlx>
          <tly>1199</tly>
          <brx>1659</brx>
          <bry>1293</bry>
          <value></value>
          <label></label>
        </box>
        <box>
          <tlx>1661</tlx>
          <tly>1199</tly>
          <brx>1731</brx>
          <bry>1293</bry>
          <value></value>
          <label></label>
        </box>
        <box>
          <tlx>1733</tlx>
          <tly>1199</tly>
          <brx>1804</brx>
          <bry>1293</bry>
          <value></value>
          <label></label>
        </box>
        <box>
          <tlx>1806</tlx>
          <tly>1199</tly>
          <brx>1877</brx>
          <bry>1293</bry>
          <value></value>
          <label></label>
        </box>
        <box>
          <tlx>1879</tlx>
          <tly>1199</tly>
          <brx>1949</brx>
          <bry>1293</bry>
          <value></value>
          <label></label>
        </box>
        <box>
          <tlx>1951</tlx>
          <tly>1199</tly>
          <brx>2022</brx>
          <bry>1293</bry>
          <value></value>
          <label></label>
        </box>
        <box>
          <tlx>2024</tlx>
          <tly>1199</tly>
          <brx>2095</brx>
          <bry>1293</bry>
          <value></value>
          <label></label>
        </box>
      </boxgroup>
      <boxgroup>
        <type>1</type>
        <width>1</width>
        <varname>55156X427X7173SQ001</varname>
        <sortorder>7</sortorder>
        <label>E' a conoscenza dell'esistenza di dati ("open data") e formato dati ("open format") aperti? * : Open data</label>
        <groupsection idref="2"/>
        <box>
          <tlx>1600</tlx>
          <tly>1817</tly>
          <brx>1659</brx>
          <bry>1876</bry>
          <value>Y</value>
          <label>S&#xEC;</label>
        </box>
        <box>
          <tlx>1778</tlx>
          <tly>1817</tly>
          <brx>1837</brx>
          <bry>1876</bry>
          <value>U</value>
          <label>Non so</label>
        </box>
        <box>
          <tlx>1955</tlx>
          <tly>1817</tly>
          <brx>2014</brx>
          <bry>1876</bry>
          <value>N</value>
          <label>No</label>
        </box>
      </boxgroup>
      <boxgroup>
        <type>1</type>
        <width>1</width>
        <varname>55156X427X7173SQ002</varname>
        <sortorder>8</sortorder>
        <label>E' a conoscenza dell'esistenza di dati ("open data") e formato dati ("open format") aperti? * : Open format</label>
        <groupsection idref="2"/>
        <box>
          <tlx>1600</tlx>
          <tly>1941</tly>
          <brx>1659</brx>
          <bry>2000</bry>
          <value>Y</value>
          <label>S&#xEC;</label>
        </box>
        <box>
          <tlx>1778</tlx>
          <tly>1941</tly>
          <brx>1837</brx>
          <bry>2000</bry>
          <value>U</value>
          <label>Non so</label>
        </box>
        <box>
          <tlx>1955</tlx>
          <tly>1941</tly>
          <brx>2014</brx>
          <bry>2000</bry>
          <value>N</value>
          <label>No</label>
        </box>
      </boxgroup>
      <boxgroup>
        <type>1</type>
        <width>1</width>
        <varname>55156X427X7174SQ001</varname>
        <sortorder>9</sortorder>
        <label>La sua struttura utilizza e/o pubblica (rilascia) "open data"? : Utilizza</label>
        <groupsection idref="2"/>
        <box>
          <tlx>1600</tlx>
          <tly>2257</tly>
          <brx>1659</brx>
          <bry>2316</bry>
          <value>Y</value>
          <label>S&#xEC;</label>
        </box>
        <box>
          <tlx>1778</tlx>
          <tly>2257</tly>
          <brx>1837</brx>
          <bry>2316</bry>
          <value>U</value>
          <label>Non so</label>
        </box>
        <box>
          <tlx>1955</tlx>
          <tly>2257</tly>
          <brx>2014</brx>
          <bry>2316</bry>
          <value>N</value>
          <label>No</label>
        </box>
      </boxgroup>
      <boxgroup>
        <type>1</type>
        <width>1</width>
        <varname>55156X427X7174SQ002</varname>
        <sortorder>10</sortorder>
        <label>La sua struttura utilizza e/o pubblica (rilascia) "open data"? : Pubblica / Rilascia</label>
        <groupsection idref="2"/>
        <box>
          <tlx>1600</tlx>
          <tly>2381</tly>
          <brx>1659</brx>
          <bry>2440</bry>
          <value>Y</value>
          <label>S&#xEC;</label>
        </box>
        <box>
          <tlx>1778</tlx>
          <tly>2381</tly>
          <brx>1837</brx>
          <bry>2440</bry>
          <value>U</value>
          <label>Non so</label>
        </box>
        <box>
          <tlx>1955</tlx>
          <tly>2381</tly>
          <brx>2014</brx>
          <bry>2440</bry>
          <value>N</value>
          <label>No</label>
        </box>
      </boxgroup>
      <boxgroup>
        <type>1</type>
        <width>1</width>
        <varname>55156X428X7175SQ001</varname>
        <sortorder>11</sortorder>
        <label>La sua struttura utilizza e/o propone formati aperti? : Utilizza</label>
        <groupsection idref="3"/>
        <box>
          <tlx>1600</tlx>
          <tly>2910</tly>
          <brx>1659</brx>
          <bry>2969</bry>
          <value>Y</value>
          <label>S&#xEC;</label>
        </box>
        <box>
          <tlx>1778</tlx>
          <tly>2910</tly>
          <brx>1837</brx>
          <bry>2969</bry>
          <value>U</value>
          <label>Non so</label>
        </box>
        <box>
          <tlx>1955</tlx>
          <tly>2910</tly>
          <brx>2014</brx>
          <bry>2969</bry>
          <value>N</value>
          <label>No</label>
        </box>
      </boxgroup>
      <boxgroup>
        <type>1</type>
        <width>1</width>
        <varname>55156X428X7175SQ002</varname>
        <sortorder>12</sortorder>
        <label>La sua struttura utilizza e/o propone formati aperti? : Propone</label>
        <groupsection idref="3"/>
        <box>
          <tlx>1600</tlx>
          <tly>3034</tly>
          <brx>1659</brx>
          <bry>3093</bry>
          <value>Y</value>
          <label>S&#xEC;</label>
        </box>
        <box>
          <tlx>1778</tlx>
          <tly>3034</tly>
          <brx>1837</brx>
          <bry>3093</bry>
          <value>U</value>
          <label>Non so</label>
        </box>
        <box>
          <tlx>1955</tlx>
          <tly>3034</tly>
          <brx>2014</brx>
          <bry>3093</bry>
          <value>N</value>
          <label>No</label>
        </box>
      </boxgroup>
    </page>
    <page>
      <id>05515603</id>
      <tlx>168</tlx>
      <tly>168</tly>
      <trx>2312</trx>
      <try>168</try>
      <brx>2312</brx>
      <bry>3340</bry>
      <blx>168</blx>
      <bly>3340</bly>
      <rotation>0</rotation>
      <boxgroup>
        <type>1</type>
        <width>1</width>
        <varname>55156X429X7176SQ001</varname>
        <sortorder>13</sortorder>
        <label>Durante le attivit&#xE0; professionali quale di questi formato dati utilizza? : Open data format (Libre Office, Open Office...)</label>
        <groupsection idref="4"/>
        <box>
          <tlx>1600</tlx>
          <tly>659</tly>
          <brx>1659</brx>
          <bry>719</bry>
          <value>Y</value>
          <label>S&#xEC;</label>
        </box>
        <box>
          <tlx>1778</tlx>
          <tly>659</tly>
          <brx>1837</brx>
          <bry>719</bry>
          <value>U</value>
          <label>Non so</label>
        </box>
        <box>
          <tlx>1955</tlx>
          <tly>659</tly>
          <brx>2014</brx>
          <bry>719</bry>
          <value>N</value>
          <label>No</label>
        </box>
      </boxgroup>
      <boxgroup>
        <type>1</type>
        <width>1</width>
        <varname>55156X429X7176SQ002</varname>
        <sortorder>14</sortorder>
        <label>Durante le attivit&#xE0; professionali quale di questi formato dati utilizza? : CSV</label>
        <groupsection idref="4"/>
        <box>
          <tlx>1600</tlx>
          <tly>783</tly>
          <brx>1659</brx>
          <bry>843</bry>
          <value>Y</value>
          <label>S&#xEC;</label>
        </box>
        <box>
          <tlx>1778</tlx>
          <tly>783</tly>
          <brx>1837</brx>
          <bry>843</bry>
          <value>U</value>
          <label>Non so</label>
        </box>
        <box>
          <tlx>1955</tlx>
          <tly>783</tly>
          <brx>2014</brx>
          <bry>843</bry>
          <value>N</value>
          <label>No</label>
        </box>
      </boxgroup>
      <boxgroup>
        <type>1</type>
        <width>1</width>
        <varname>55156X429X7176SQ006</varname>
        <sortorder>15</sortorder>
        <label>Durante le attivit&#xE0; professionali quale di questi formato dati utilizza? : Dati geografici (shapefile, Spatialite...)</label>
        <groupsection idref="4"/>
        <box>
          <tlx>1600</tlx>
          <tly>907</tly>
          <brx>1659</brx>
          <bry>967</bry>
          <value>Y</value>
          <label>S&#xEC;</label>
        </box>
        <box>
          <tlx>1778</tlx>
          <tly>907</tly>
          <brx>1837</brx>
          <bry>967</bry>
          <value>U</value>
          <label>Non so</label>
        </box>
        <box>
          <tlx>1955</tlx>
          <tly>907</tly>
          <brx>2014</brx>
          <bry>967</bry>
          <value>N</value>
          <label>No</label>
        </box>
      </boxgroup>
      <boxgroup>
        <type>1</type>
        <width>1</width>
        <varname>55156X429X7176SQ003</varname>
        <sortorder>16</sortorder>
        <label>Durante le attivit&#xE0; professionali quale di questi formato dati utilizza? : TXT</label>
        <groupsection idref="4"/>
        <box>
          <tlx>1600</tlx>
          <tly>1031</tly>
          <brx>1659</brx>
          <bry>1091</bry>
          <value>Y</value>
          <label>S&#xEC;</label>
        </box>
        <box>
          <tlx>1778</tlx>
          <tly>1031</tly>
          <brx>1837</brx>
          <bry>1091</bry>
          <value>U</value>
          <label>Non so</label>
        </box>
        <box>
          <tlx>1955</tlx>
          <tly>1031</tly>
          <brx>2014</brx>
          <bry>1091</bry>
          <value>N</value>
          <label>No</label>
        </box>
      </boxgroup>
      <boxgroup>
        <type>1</type>
        <width>1</width>
        <varname>55156X429X7176SQ004</varname>
        <sortorder>17</sortorder>
        <label>Durante le attivit&#xE0; professionali quale di questi formato dati utilizza? : XML</label>
        <groupsection idref="4"/>
        <box>
          <tlx>1600</tlx>
          <tly>1156</tly>
          <brx>1659</brx>
          <bry>1215</bry>
          <value>Y</value>
          <label>S&#xEC;</label>
        </box>
        <box>
          <tlx>1778</tlx>
          <tly>1156</tly>
          <brx>1837</brx>
          <bry>1215</bry>
          <value>U</value>
          <label>Non so</label>
        </box>
        <box>
          <tlx>1955</tlx>
          <tly>1156</tly>
          <brx>2014</brx>
          <bry>1215</bry>
          <value>N</value>
          <label>No</label>
        </box>
      </boxgroup>
      <boxgroup>
        <type>1</type>
        <width>1</width>
        <varname>55156X429X7176SQ005</varname>
        <sortorder>18</sortorder>
        <label>Durante le attivit&#xE0; professionali quale di questi formato dati utilizza? : ALTRO</label>
        <groupsection idref="4"/>
        <box>
          <tlx>1600</tlx>
          <tly>1280</tly>
          <brx>1659</brx>
          <bry>1339</bry>
          <value>Y</value>
          <label>S&#xEC;</label>
        </box>
        <box>
          <tlx>1778</tlx>
          <tly>1280</tly>
          <brx>1837</brx>
          <bry>1339</bry>
          <value>U</value>
          <label>Non so</label>
        </box>
        <box>
          <tlx>1955</tlx>
          <tly>1280</tly>
          <brx>2014</brx>
          <bry>1339</bry>
          <value>N</value>
          <label>No</label>
        </box>
      </boxgroup>
      <boxgroup>
        <type>6</type>
        <width>1024</width>
        <varname>55156X429X7188</varname>
        <sortorder>19</sortorder>
        <label>Se ha selezionato "Altro" nel frame "ATTIVITA' PROFESSIONALI", si prega di specificare</label>
        <groupsection idref="4"/>
        <box>
          <tlx>360</tlx>
          <tly>1508</tly>
          <brx>2073</brx>
          <bry>1980</bry>
          <value></value>
          <label></label>
        </box>
      </boxgroup>
      <boxgroup>
        <type>1</type>
        <width>1</width>
        <varname>55156X429X7177SQ001</varname>
        <sortorder>20</sortorder>
        <label>Nel tempo libero quale di questi formato dati utilizza? : Open data format (Libre Office, Open Office...)</label>
        <groupsection idref="4"/>
        <box>
          <tlx>1600</tlx>
          <tly>2205</tly>
          <brx>1659</brx>
          <bry>2264</bry>
          <value>Y</value>
          <label>S&#xEC;</label>
        </box>
        <box>
          <tlx>1778</tlx>
          <tly>2205</tly>
          <brx>1837</brx>
          <bry>2264</bry>
          <value>U</value>
          <label>Non so</label>
        </box>
        <box>
          <tlx>1955</tlx>
          <tly>2205</tly>
          <brx>2014</brx>
          <bry>2264</bry>
          <value>N</value>
          <label>No</label>
        </box>
      </boxgroup>
      <boxgroup>
        <type>1</type>
        <width>1</width>
        <varname>55156X429X7177SQ002</varname>
        <sortorder>21</sortorder>
        <label>Nel tempo libero quale di questi formato dati utilizza? : CSV</label>
        <groupsection idref="4"/>
        <box>
          <tlx>1600</tlx>
          <tly>2329</tly>
          <brx>1659</brx>
          <bry>2388</bry>
          <value>Y</value>
          <label>S&#xEC;</label>
        </box>
        <box>
          <tlx>1778</tlx>
          <tly>2329</tly>
          <brx>1837</brx>
          <bry>2388</bry>
          <value>U</value>
          <label>Non so</label>
        </box>
        <box>
          <tlx>1955</tlx>
          <tly>2329</tly>
          <brx>2014</brx>
          <bry>2388</bry>
          <value>N</value>
          <label>No</label>
        </box>
      </boxgroup>
      <boxgroup>
        <type>1</type>
        <width>1</width>
        <varname>55156X429X7177SQ006</varname>
        <sortorder>22</sortorder>
        <label>Nel tempo libero quale di questi formato dati utilizza? : Dati geografici  (shapefile, Spatialite...)</label>
        <groupsection idref="4"/>
        <box>
          <tlx>1600</tlx>
          <tly>2453</tly>
          <brx>1659</brx>
          <bry>2512</bry>
          <value>Y</value>
          <label>S&#xEC;</label>
        </box>
        <box>
          <tlx>1778</tlx>
          <tly>2453</tly>
          <brx>1837</brx>
          <bry>2512</bry>
          <value>U</value>
          <label>Non so</label>
        </box>
        <box>
          <tlx>1955</tlx>
          <tly>2453</tly>
          <brx>2014</brx>
          <bry>2512</bry>
          <value>N</value>
          <label>No</label>
        </box>
      </boxgroup>
      <boxgroup>
        <type>1</type>
        <width>1</width>
        <varname>55156X429X7177SQ003</varname>
        <sortorder>23</sortorder>
        <label>Nel tempo libero quale di questi formato dati utilizza? : TXT</label>
        <groupsection idref="4"/>
        <box>
          <tlx>1600</tlx>
          <tly>2577</tly>
          <brx>1659</brx>
          <bry>2636</bry>
          <value>Y</value>
          <label>S&#xEC;</label>
        </box>
        <box>
          <tlx>1778</tlx>
          <tly>2577</tly>
          <brx>1837</brx>
          <bry>2636</bry>
          <value>U</value>
          <label>Non so</label>
        </box>
        <box>
          <tlx>1955</tlx>
          <tly>2577</tly>
          <brx>2014</brx>
          <bry>2636</bry>
          <value>N</value>
          <label>No</label>
        </box>
      </boxgroup>
      <boxgroup>
        <type>1</type>
        <width>1</width>
        <varname>55156X429X7177SQ004</varname>
        <sortorder>24</sortorder>
        <label>Nel tempo libero quale di questi formato dati utilizza? : XML</label>
        <groupsection idref="4"/>
        <box>
          <tlx>1600</tlx>
          <tly>2701</tly>
          <brx>1659</brx>
          <bry>2760</bry>
          <value>Y</value>
          <label>S&#xEC;</label>
        </box>
        <box>
          <tlx>1778</tlx>
          <tly>2701</tly>
          <brx>1837</brx>
          <bry>2760</bry>
          <value>U</value>
          <label>Non so</label>
        </box>
        <box>
          <tlx>1955</tlx>
          <tly>2701</tly>
          <brx>2014</brx>
          <bry>2760</bry>
          <value>N</value>
          <label>No</label>
        </box>
      </boxgroup>
      <boxgroup>
        <type>1</type>
        <width>1</width>
        <varname>55156X429X7177SQ005</varname>
        <sortorder>25</sortorder>
        <label>Nel tempo libero quale di questi formato dati utilizza? : ALTRO</label>
        <groupsection idref="4"/>
        <box>
          <tlx>1600</tlx>
          <tly>2825</tly>
          <brx>1659</brx>
          <bry>2884</bry>
          <value>Y</value>
          <label>S&#xEC;</label>
        </box>
        <box>
          <tlx>1778</tlx>
          <tly>2825</tly>
          <brx>1837</brx>
          <bry>2884</bry>
          <value>U</value>
          <label>Non so</label>
        </box>
        <box>
          <tlx>1955</tlx>
          <tly>2825</tly>
          <brx>2014</brx>
          <bry>2884</bry>
          <value>N</value>
          <label>No</label>
        </box>
      </boxgroup>
    </page>
    <page>
      <id>05515604</id>
      <tlx>168</tlx>
      <tly>168</tly>
      <trx>2312</trx>
      <try>168</try>
      <brx>2312</brx>
      <bry>3340</bry>
      <blx>168</blx>
      <bly>3340</bly>
      <rotation>0</rotation>
      <boxgroup>
        <type>6</type>
        <width>1024</width>
        <varname>55156X429X7189</varname>
        <sortorder>26</sortorder>
        <label>Se ha selezionato "Altro" nel frame "TEMPO LIBERO", si prega di specificare</label>
        <groupsection idref="4"/>
        <box>
          <tlx>360</tlx>
          <tly>296</tly>
          <brx>2073</brx>
          <bry>769</bry>
          <value></value>
          <label></label>
        </box>
      </boxgroup>
      <boxgroup>
        <type>1</type>
        <width>1</width>
        <varname>55156X430X7178</varname>
        <sortorder>27</sortorder>
        <label>E' a conoscenza dell'esistenza di software liberi e/o open source? : </label>
        <groupsection idref="5"/>
        <box>
          <tlx>1984</tlx>
          <tly>1125</tly>
          <brx>2043</brx>
          <bry>1184</bry>
          <value>Y</value>
          <label>S&#xEC;</label>
        </box>
        <box>
          <tlx>1984</tlx>
          <tly>1232</tly>
          <brx>2043</brx>
          <bry>1291</bry>
          <value>N</value>
          <label>No</label>
        </box>
      </boxgroup>
      <boxgroup>
        <type>1</type>
        <width>1</width>
        <varname>55156X430X7179</varname>
        <sortorder>28</sortorder>
        <label>E' a conoscenza dell'esistenza di licenze libere, come ad es. "Creative Commons" (CC), GNU Public License (GPL)....? : </label>
        <groupsection idref="5"/>
        <box>
          <tlx>1984</tlx>
          <tly>1600</tly>
          <brx>2043</brx>
          <bry>1659</bry>
          <value>Y</value>
          <label>S&#xEC;</label>
        </box>
        <box>
          <tlx>1984</tlx>
          <tly>1706</tly>
          <brx>2043</brx>
          <bry>1765</bry>
          <value>N</value>
          <label>No</label>
        </box>
      </boxgroup>
      <boxgroup>
        <type>1</type>
        <width>1</width>
        <varname>55156X431X7180SQ001</varname>
        <sortorder>29</sortorder>
        <label>E' a conoscenza di progetti / iniziative di passaggio a software libero (free software) e/o open source presso la sua struttura : Conosco</label>
        <groupsection idref="6"/>
        <box>
          <tlx>1600</tlx>
          <tly>2295</tly>
          <brx>1659</brx>
          <bry>2354</bry>
          <value>Y</value>
          <label>S&#xEC;</label>
        </box>
        <box>
          <tlx>1778</tlx>
          <tly>2295</tly>
          <brx>1837</brx>
          <bry>2354</bry>
          <value>U</value>
          <label>Non so</label>
        </box>
        <box>
          <tlx>1955</tlx>
          <tly>2295</tly>
          <brx>2014</brx>
          <bry>2354</bry>
          <value>N</value>
          <label>No</label>
        </box>
      </boxgroup>
      <boxgroup>
        <type>4</type>
        <width>10</width>
        <varname>55156X431X7181</varname>
        <sortorder>30</sortorder>
        <label>Pu&#xF2; fare una stima della percentuale di postazioni che utilizzano Software Libero (free software) e/o Open Source</label>
        <groupsection idref="6"/>
        <box>
          <tlx>1370</tlx>
          <tly>2606</tly>
          <brx>1441</brx>
          <bry>2701</bry>
          <value></value>
          <label></label>
        </box>
        <box>
          <tlx>1443</tlx>
          <tly>2606</tly>
          <brx>1514</brx>
          <bry>2701</bry>
          <value></value>
          <label></label>
        </box>
        <box>
          <tlx>1515</tlx>
          <tly>2606</tly>
          <brx>1586</brx>
          <bry>2701</bry>
          <value></value>
          <label></label>
        </box>
        <box>
          <tlx>1588</tlx>
          <tly>2606</tly>
          <brx>1659</brx>
          <bry>2701</bry>
          <value></value>
          <label></label>
        </box>
        <box>
          <tlx>1661</tlx>
          <tly>2606</tly>
          <brx>1731</brx>
          <bry>2701</bry>
          <value></value>
          <label></label>
        </box>
        <box>
          <tlx>1733</tlx>
          <tly>2606</tly>
          <brx>1804</brx>
          <bry>2701</bry>
          <value></value>
          <label></label>
        </box>
        <box>
          <tlx>1806</tlx>
          <tly>2606</tly>
          <brx>1877</brx>
          <bry>2701</bry>
          <value></value>
          <label></label>
        </box>
        <box>
          <tlx>1879</tlx>
          <tly>2606</tly>
          <brx>1949</brx>
          <bry>2701</bry>
          <value></value>
          <label></label>
        </box>
        <box>
          <tlx>1951</tlx>
          <tly>2606</tly>
          <brx>2022</brx>
          <bry>2701</bry>
          <value></value>
          <label></label>
        </box>
        <box>
          <tlx>2024</tlx>
          <tly>2606</tly>
          <brx>2095</brx>
          <bry>2701</bry>
          <value></value>
          <label></label>
        </box>
      </boxgroup>
    </page>
    <page>
      <id>05515605</id>
      <tlx>168</tlx>
      <tly>168</tly>
      <trx>2312</trx>
      <try>168</try>
      <brx>2312</brx>
      <bry>3340</bry>
      <blx>168</blx>
      <bly>3340</bly>
      <rotation>0</rotation>
      <boxgroup>
        <type>1</type>
        <width>1</width>
        <varname>55156X432X7182SQ018</varname>
        <sortorder>31</sortorder>
        <label>&lt;p&gt;
	Quali sono gli ambiti di applicazione di maggiore interesse e/o di utilizzo?&lt;/p&gt;
&lt;p&gt;
	(sono possibili pi&#xF9; risposte)&lt;/p&gt; : </label>
        <groupsection idref="7"/>
        <box>
          <tlx>1984</tlx>
          <tly>657</tly>
          <brx>2043</brx>
          <bry>717</bry>
          <value>1</value>
          <label>Audio / Video / multimedialit&#xE0;</label>
        </box>
      </boxgroup>
      <boxgroup>
        <type>1</type>
        <width>1</width>
        <varname>55156X432X7182SQ015</varname>
        <sortorder>32</sortorder>
        <label>&lt;p&gt;
	Quali sono gli ambiti di applicazione di maggiore interesse e/o di utilizzo?&lt;/p&gt;
&lt;p&gt;
	(sono possibili pi&#xF9; risposte)&lt;/p&gt; : </label>
        <groupsection idref="7"/>
        <box>
          <tlx>1984</tlx>
          <tly>764</tly>
          <brx>2043</brx>
          <bry>823</bry>
          <value>1</value>
          <label>Building Information Modeling (BIM)</label>
        </box>
      </boxgroup>
      <boxgroup>
        <type>1</type>
        <width>1</width>
        <varname>55156X432X7182SQ001</varname>
        <sortorder>33</sortorder>
        <label>&lt;p&gt;
	Quali sono gli ambiti di applicazione di maggiore interesse e/o di utilizzo?&lt;/p&gt;
&lt;p&gt;
	(sono possibili pi&#xF9; risposte)&lt;/p&gt; : </label>
        <groupsection idref="7"/>
        <box>
          <tlx>1984</tlx>
          <tly>870</tly>
          <brx>2043</brx>
          <bry>929</bry>
          <value>1</value>
          <label>Computer-Aided Design (CAD)</label>
        </box>
      </boxgroup>
      <boxgroup>
        <type>1</type>
        <width>1</width>
        <varname>55156X432X7182SQ016</varname>
        <sortorder>34</sortorder>
        <label>&lt;p&gt;
	Quali sono gli ambiti di applicazione di maggiore interesse e/o di utilizzo?&lt;/p&gt;
&lt;p&gt;
	(sono possibili pi&#xF9; risposte)&lt;/p&gt; : </label>
        <groupsection idref="7"/>
        <box>
          <tlx>1984</tlx>
          <tly>976</tly>
          <brx>2043</brx>
          <bry>1035</bry>
          <value>1</value>
          <label>Computer-Aided Energy Management (CAEM)</label>
        </box>
      </boxgroup>
      <boxgroup>
        <type>1</type>
        <width>1</width>
        <varname>55156X432X7182SQ013</varname>
        <sortorder>35</sortorder>
        <label>&lt;p&gt;
	Quali sono gli ambiti di applicazione di maggiore interesse e/o di utilizzo?&lt;/p&gt;
&lt;p&gt;
	(sono possibili pi&#xF9; risposte)&lt;/p&gt; : </label>
        <groupsection idref="7"/>
        <box>
          <tlx>1984</tlx>
          <tly>1083</tly>
          <brx>2043</brx>
          <bry>1142</bry>
          <value>1</value>
          <label>Computer-Aided Engineering (CAE)</label>
        </box>
      </boxgroup>
      <boxgroup>
        <type>1</type>
        <width>1</width>
        <varname>55156X432X7182SQ010</varname>
        <sortorder>36</sortorder>
        <label>&lt;p&gt;
	Quali sono gli ambiti di applicazione di maggiore interesse e/o di utilizzo?&lt;/p&gt;
&lt;p&gt;
	(sono possibili pi&#xF9; risposte)&lt;/p&gt; : </label>
        <groupsection idref="7"/>
        <box>
          <tlx>1984</tlx>
          <tly>1189</tly>
          <brx>2043</brx>
          <bry>1248</bry>
          <value>1</value>
          <label>CMS (Content Management System)</label>
        </box>
      </boxgroup>
      <boxgroup>
        <type>1</type>
        <width>1</width>
        <varname>55156X432X7182SQ002</varname>
        <sortorder>37</sortorder>
        <label>&lt;p&gt;
	Quali sono gli ambiti di applicazione di maggiore interesse e/o di utilizzo?&lt;/p&gt;
&lt;p&gt;
	(sono possibili pi&#xF9; risposte)&lt;/p&gt; : </label>
        <groupsection idref="7"/>
        <box>
          <tlx>1984</tlx>
          <tly>1295</tly>
          <brx>2043</brx>
          <bry>1354</bry>
          <value>1</value>
          <label>Database (DB, RDBMS...)</label>
        </box>
      </boxgroup>
      <boxgroup>
        <type>1</type>
        <width>1</width>
        <varname>55156X432X7182SQ003</varname>
        <sortorder>38</sortorder>
        <label>&lt;p&gt;
	Quali sono gli ambiti di applicazione di maggiore interesse e/o di utilizzo?&lt;/p&gt;
&lt;p&gt;
	(sono possibili pi&#xF9; risposte)&lt;/p&gt; : </label>
        <groupsection idref="7"/>
        <box>
          <tlx>1984</tlx>
          <tly>1402</tly>
          <brx>2043</brx>
          <bry>1461</bry>
          <value>1</value>
          <label>Data Mining</label>
        </box>
      </boxgroup>
      <boxgroup>
        <type>1</type>
        <width>1</width>
        <varname>55156X432X7182SQ004</varname>
        <sortorder>39</sortorder>
        <label>&lt;p&gt;
	Quali sono gli ambiti di applicazione di maggiore interesse e/o di utilizzo?&lt;/p&gt;
&lt;p&gt;
	(sono possibili pi&#xF9; risposte)&lt;/p&gt; : </label>
        <groupsection idref="7"/>
        <box>
          <tlx>1984</tlx>
          <tly>1508</tly>
          <brx>2043</brx>
          <bry>1567</bry>
          <value>1</value>
          <label>Geographic Information System (G.I.S.)</label>
        </box>
      </boxgroup>
      <boxgroup>
        <type>1</type>
        <width>1</width>
        <varname>55156X432X7182SQ012</varname>
        <sortorder>40</sortorder>
        <label>&lt;p&gt;
	Quali sono gli ambiti di applicazione di maggiore interesse e/o di utilizzo?&lt;/p&gt;
&lt;p&gt;
	(sono possibili pi&#xF9; risposte)&lt;/p&gt; : </label>
        <groupsection idref="7"/>
        <box>
          <tlx>1984</tlx>
          <tly>1614</tly>
          <brx>2043</brx>
          <bry>1673</bry>
          <value>1</value>
          <label>Grafica vettoriale</label>
        </box>
      </boxgroup>
      <boxgroup>
        <type>1</type>
        <width>1</width>
        <varname>55156X432X7182SQ017</varname>
        <sortorder>41</sortorder>
        <label>&lt;p&gt;
	Quali sono gli ambiti di applicazione di maggiore interesse e/o di utilizzo?&lt;/p&gt;
&lt;p&gt;
	(sono possibili pi&#xF9; risposte)&lt;/p&gt; : </label>
        <groupsection idref="7"/>
        <box>
          <tlx>1984</tlx>
          <tly>1720</tly>
          <brx>2043</brx>
          <bry>1780</bry>
          <value>1</value>
          <label>Information and Communications Technologies (ICT)</label>
        </box>
      </boxgroup>
      <boxgroup>
        <type>1</type>
        <width>1</width>
        <varname>55156X432X7182SQ005</varname>
        <sortorder>42</sortorder>
        <label>&lt;p&gt;
	Quali sono gli ambiti di applicazione di maggiore interesse e/o di utilizzo?&lt;/p&gt;
&lt;p&gt;
	(sono possibili pi&#xF9; risposte)&lt;/p&gt; : </label>
        <groupsection idref="7"/>
        <box>
          <tlx>1984</tlx>
          <tly>1827</tly>
          <brx>2043</brx>
          <bry>1886</bry>
          <value>1</value>
          <label>Linguaggi di programmazione (ambienti di sviluppo / IDE...)</label>
        </box>
      </boxgroup>
      <boxgroup>
        <type>1</type>
        <width>1</width>
        <varname>55156X432X7182SQ006</varname>
        <sortorder>43</sortorder>
        <label>&lt;p&gt;
	Quali sono gli ambiti di applicazione di maggiore interesse e/o di utilizzo?&lt;/p&gt;
&lt;p&gt;
	(sono possibili pi&#xF9; risposte)&lt;/p&gt; : </label>
        <groupsection idref="7"/>
        <box>
          <tlx>1984</tlx>
          <tly>1933</tly>
          <brx>2043</brx>
          <bry>1992</bry>
          <value>1</value>
          <label>Posta elettronica</label>
        </box>
      </boxgroup>
      <boxgroup>
        <type>1</type>
        <width>1</width>
        <varname>55156X432X7182SQ007</varname>
        <sortorder>44</sortorder>
        <label>&lt;p&gt;
	Quali sono gli ambiti di applicazione di maggiore interesse e/o di utilizzo?&lt;/p&gt;
&lt;p&gt;
	(sono possibili pi&#xF9; risposte)&lt;/p&gt; : </label>
        <groupsection idref="7"/>
        <box>
          <tlx>1984</tlx>
          <tly>2039</tly>
          <brx>2043</brx>
          <bry>2098</bry>
          <value>1</value>
          <label>Produttivit&#xE0; individuale (Office Automation)</label>
        </box>
      </boxgroup>
      <boxgroup>
        <type>1</type>
        <width>1</width>
        <varname>55156X432X7182SQ011</varname>
        <sortorder>45</sortorder>
        <label>&lt;p&gt;
	Quali sono gli ambiti di applicazione di maggiore interesse e/o di utilizzo?&lt;/p&gt;
&lt;p&gt;
	(sono possibili pi&#xF9; risposte)&lt;/p&gt; : </label>
        <groupsection idref="7"/>
        <box>
          <tlx>1984</tlx>
          <tly>2146</tly>
          <brx>2043</brx>
          <bry>2205</bry>
          <value>1</value>
          <label>Rendering, Modellazione 3D</label>
        </box>
      </boxgroup>
      <boxgroup>
        <type>1</type>
        <width>1</width>
        <varname>55156X432X7182SQ008</varname>
        <sortorder>46</sortorder>
        <label>&lt;p&gt;
	Quali sono gli ambiti di applicazione di maggiore interesse e/o di utilizzo?&lt;/p&gt;
&lt;p&gt;
	(sono possibili pi&#xF9; risposte)&lt;/p&gt; : </label>
        <groupsection idref="7"/>
        <box>
          <tlx>1984</tlx>
          <tly>2252</tly>
          <brx>2043</brx>
          <bry>2311</bry>
          <value>1</value>
          <label>Sistema operativo (Client/Server)</label>
        </box>
      </boxgroup>
      <boxgroup>
        <type>1</type>
        <width>1</width>
        <varname>55156X432X7182SQ014</varname>
        <sortorder>47</sortorder>
        <label>&lt;p&gt;
	Quali sono gli ambiti di applicazione di maggiore interesse e/o di utilizzo?&lt;/p&gt;
&lt;p&gt;
	(sono possibili pi&#xF9; risposte)&lt;/p&gt; : </label>
        <groupsection idref="7"/>
        <box>
          <tlx>1984</tlx>
          <tly>2358</tly>
          <brx>2043</brx>
          <bry>2417</bry>
          <value>1</value>
          <label>Transport Simulation Systems (TSS)</label>
        </box>
      </boxgroup>
      <boxgroup>
        <type>1</type>
        <width>1</width>
        <varname>55156X432X7182SQ009</varname>
        <sortorder>48</sortorder>
        <label>&lt;p&gt;
	Quali sono gli ambiti di applicazione di maggiore interesse e/o di utilizzo?&lt;/p&gt;
&lt;p&gt;
	(sono possibili pi&#xF9; risposte)&lt;/p&gt; : </label>
        <groupsection idref="7"/>
        <box>
          <tlx>1984</tlx>
          <tly>2465</tly>
          <brx>2043</brx>
          <bry>2524</bry>
          <value>1</value>
          <label>Trattamento delle Immagini</label>
        </box>
      </boxgroup>
      <boxgroup>
        <type>1</type>
        <width>1</width>
        <varname>55156X432X7182T</varname>
        <sortorder>49</sortorder>
        <label>&lt;p&gt;
	Quali sono gli ambiti di applicazione di maggiore interesse e/o di utilizzo?&lt;/p&gt;
&lt;p&gt;
	(sono possibili pi&#xF9; risposte)&lt;/p&gt; : </label>
        <groupsection idref="7"/>
        <box>
          <tlx>1984</tlx>
          <tly>2547</tly>
          <brx>2043</brx>
          <bry>2606</bry>
          <value>1</value>
          <label>Altro</label>
        </box>
      </boxgroup>
      <boxgroup>
        <type>3</type>
        <width>24</width>
        <varname>55156X432X7182other</varname>
        <sortorder>50</sortorder>
        <label>Altro</label>
        <groupsection idref="7"/>
        <box>
          <tlx>353</tlx>
          <tly>2716</tly>
          <brx>424</brx>
          <bry>2811</bry>
          <value></value>
          <label></label>
        </box>
        <box>
          <tlx>426</tlx>
          <tly>2716</tly>
          <brx>497</brx>
          <bry>2811</bry>
          <value></value>
          <label></label>
        </box>
        <box>
          <tlx>498</tlx>
          <tly>2716</tly>
          <brx>569</brx>
          <bry>2811</bry>
          <value></value>
          <label></label>
        </box>
        <box>
          <tlx>571</tlx>
          <tly>2716</tly>
          <brx>642</brx>
          <bry>2811</bry>
          <value></value>
          <label></label>
        </box>
        <box>
          <tlx>644</tlx>
          <tly>2716</tly>
          <brx>715</brx>
          <bry>2811</bry>
          <value></value>
          <label></label>
        </box>
        <box>
          <tlx>716</tlx>
          <tly>2716</tly>
          <brx>787</brx>
          <bry>2811</bry>
          <value></value>
          <label></label>
        </box>
        <box>
          <tlx>789</tlx>
          <tly>2716</tly>
          <brx>860</brx>
          <bry>2811</bry>
          <value></value>
          <label></label>
        </box>
        <box>
          <tlx>862</tlx>
          <tly>2716</tly>
          <brx>932</brx>
          <bry>2811</bry>
          <value></value>
          <label></label>
        </box>
        <box>
          <tlx>934</tlx>
          <tly>2716</tly>
          <brx>1005</brx>
          <bry>2811</bry>
          <value></value>
          <label></label>
        </box>
        <box>
          <tlx>1007</tlx>
          <tly>2716</tly>
          <brx>1078</brx>
          <bry>2811</bry>
          <value></value>
          <label></label>
        </box>
        <box>
          <tlx>1080</tlx>
          <tly>2716</tly>
          <brx>1150</brx>
          <bry>2811</bry>
          <value></value>
          <label></label>
        </box>
        <box>
          <tlx>1152</tlx>
          <tly>2716</tly>
          <brx>1223</brx>
          <bry>2811</bry>
          <value></value>
          <label></label>
        </box>
        <box>
          <tlx>1225</tlx>
          <tly>2716</tly>
          <brx>1296</brx>
          <bry>2811</bry>
          <value></value>
          <label></label>
        </box>
        <box>
          <tlx>1297</tlx>
          <tly>2716</tly>
          <brx>1368</brx>
          <bry>2811</bry>
          <value></value>
          <label></label>
        </box>
        <box>
          <tlx>1370</tlx>
          <tly>2716</tly>
          <brx>1441</brx>
          <bry>2811</bry>
          <value></value>
          <label></label>
        </box>
        <box>
          <tlx>1443</tlx>
          <tly>2716</tly>
          <brx>1514</brx>
          <bry>2811</bry>
          <value></value>
          <label></label>
        </box>
        <box>
          <tlx>1515</tlx>
          <tly>2716</tly>
          <brx>1586</brx>
          <bry>2811</bry>
          <value></value>
          <label></label>
        </box>
        <box>
          <tlx>1588</tlx>
          <tly>2716</tly>
          <brx>1659</brx>
          <bry>2811</bry>
          <value></value>
          <label></label>
        </box>
        <box>
          <tlx>1661</tlx>
          <tly>2716</tly>
          <brx>1731</brx>
          <bry>2811</bry>
          <value></value>
          <label></label>
        </box>
        <box>
          <tlx>1733</tlx>
          <tly>2716</tly>
          <brx>1804</brx>
          <bry>2811</bry>
          <value></value>
          <label></label>
        </box>
        <box>
          <tlx>1806</tlx>
          <tly>2716</tly>
          <brx>1877</brx>
          <bry>2811</bry>
          <value></value>
          <label></label>
        </box>
        <box>
          <tlx>1879</tlx>
          <tly>2716</tly>
          <brx>1949</brx>
          <bry>2811</bry>
          <value></value>
          <label></label>
        </box>
        <box>
          <tlx>1951</tlx>
          <tly>2716</tly>
          <brx>2022</brx>
          <bry>2811</bry>
          <value></value>
          <label></label>
        </box>
        <box>
          <tlx>2024</tlx>
          <tly>2716</tly>
          <brx>2095</brx>
          <bry>2811</bry>
          <value></value>
          <label></label>
        </box>
      </boxgroup>
    </page>
    <page>
      <id>05515606</id>
      <tlx>168</tlx>
      <tly>168</tly>
      <trx>2312</trx>
      <try>168</try>
      <brx>2312</brx>
      <bry>3340</bry>
      <blx>168</blx>
      <bly>3340</bly>
      <rotation>0</rotation>
      <boxgroup>
        <type>1</type>
        <width>2</width>
        <varname>55156X433X7183SQ001</varname>
        <sortorder>51</sortorder>
        <label>Quali strumenti utilizza con maggiore frequenza? : Libre Office</label>
        <groupsection idref="8"/>
        <box>
          <tlx>1423</tlx>
          <tly>597</tly>
          <brx>1482</brx>
          <bry>656</bry>
          <value>A1</value>
          <label>Utilizzo professionale</label>
        </box>
        <box>
          <tlx>1600</tlx>
          <tly>597</tly>
          <brx>1659</brx>
          <bry>656</bry>
          <value>A2</value>
          <label>Utilizzo personale</label>
        </box>
        <box>
          <tlx>1778</tlx>
          <tly>597</tly>
          <brx>1837</brx>
          <bry>656</bry>
          <value>A3</value>
          <label>Conosce / Ne ha sentito parlare / Ne ha letto</label>
        </box>
        <box>
          <tlx>1955</tlx>
          <tly>597</tly>
          <brx>2014</brx>
          <bry>656</bry>
          <value>A4</value>
          <label>Non lo utilizzo</label>
        </box>
      </boxgroup>
      <boxgroup>
        <type>1</type>
        <width>2</width>
        <varname>55156X433X7183SQ002</varname>
        <sortorder>52</sortorder>
        <label>Quali strumenti utilizza con maggiore frequenza? : Open Office</label>
        <groupsection idref="8"/>
        <box>
          <tlx>1423</tlx>
          <tly>721</tly>
          <brx>1482</brx>
          <bry>780</bry>
          <value>A1</value>
          <label>Utilizzo professionale</label>
        </box>
        <box>
          <tlx>1600</tlx>
          <tly>721</tly>
          <brx>1659</brx>
          <bry>780</bry>
          <value>A2</value>
          <label>Utilizzo personale</label>
        </box>
        <box>
          <tlx>1778</tlx>
          <tly>721</tly>
          <brx>1837</brx>
          <bry>780</bry>
          <value>A3</value>
          <label>Conosce / Ne ha sentito parlare / Ne ha letto</label>
        </box>
        <box>
          <tlx>1955</tlx>
          <tly>721</tly>
          <brx>2014</brx>
          <bry>780</bry>
          <value>A4</value>
          <label>Non lo utilizzo</label>
        </box>
      </boxgroup>
      <boxgroup>
        <type>1</type>
        <width>2</width>
        <varname>55156X433X7183SQ003</varname>
        <sortorder>53</sortorder>
        <label>Quali strumenti utilizza con maggiore frequenza? : Posta elettronica</label>
        <groupsection idref="8"/>
        <box>
          <tlx>1423</tlx>
          <tly>845</tly>
          <brx>1482</brx>
          <bry>904</bry>
          <value>A1</value>
          <label>Utilizzo professionale</label>
        </box>
        <box>
          <tlx>1600</tlx>
          <tly>845</tly>
          <brx>1659</brx>
          <bry>904</bry>
          <value>A2</value>
          <label>Utilizzo personale</label>
        </box>
        <box>
          <tlx>1778</tlx>
          <tly>845</tly>
          <brx>1837</brx>
          <bry>904</bry>
          <value>A3</value>
          <label>Conosce / Ne ha sentito parlare / Ne ha letto</label>
        </box>
        <box>
          <tlx>1955</tlx>
          <tly>845</tly>
          <brx>2014</brx>
          <bry>904</bry>
          <value>A4</value>
          <label>Non lo utilizzo</label>
        </box>
      </boxgroup>
      <boxgroup>
        <type>1</type>
        <width>2</width>
        <varname>55156X433X7183SQ004</varname>
        <sortorder>54</sortorder>
        <label>Quali strumenti utilizza con maggiore frequenza? : Gimp</label>
        <groupsection idref="8"/>
        <box>
          <tlx>1423</tlx>
          <tly>969</tly>
          <brx>1482</brx>
          <bry>1028</bry>
          <value>A1</value>
          <label>Utilizzo professionale</label>
        </box>
        <box>
          <tlx>1600</tlx>
          <tly>969</tly>
          <brx>1659</brx>
          <bry>1028</bry>
          <value>A2</value>
          <label>Utilizzo personale</label>
        </box>
        <box>
          <tlx>1778</tlx>
          <tly>969</tly>
          <brx>1837</brx>
          <bry>1028</bry>
          <value>A3</value>
          <label>Conosce / Ne ha sentito parlare / Ne ha letto</label>
        </box>
        <box>
          <tlx>1955</tlx>
          <tly>969</tly>
          <brx>2014</brx>
          <bry>1028</bry>
          <value>A4</value>
          <label>Non lo utilizzo</label>
        </box>
      </boxgroup>
      <boxgroup>
        <type>1</type>
        <width>2</width>
        <varname>55156X433X7183SQ005</varname>
        <sortorder>55</sortorder>
        <label>Quali strumenti utilizza con maggiore frequenza? : Inkscape</label>
        <groupsection idref="8"/>
        <box>
          <tlx>1423</tlx>
          <tly>1093</tly>
          <brx>1482</brx>
          <bry>1152</bry>
          <value>A1</value>
          <label>Utilizzo professionale</label>
        </box>
        <box>
          <tlx>1600</tlx>
          <tly>1093</tly>
          <brx>1659</brx>
          <bry>1152</bry>
          <value>A2</value>
          <label>Utilizzo personale</label>
        </box>
        <box>
          <tlx>1778</tlx>
          <tly>1093</tly>
          <brx>1837</brx>
          <bry>1152</bry>
          <value>A3</value>
          <label>Conosce / Ne ha sentito parlare / Ne ha letto</label>
        </box>
        <box>
          <tlx>1955</tlx>
          <tly>1093</tly>
          <brx>2014</brx>
          <bry>1152</bry>
          <value>A4</value>
          <label>Non lo utilizzo</label>
        </box>
      </boxgroup>
      <boxgroup>
        <type>1</type>
        <width>2</width>
        <varname>55156X433X7183SQ006</varname>
        <sortorder>56</sortorder>
        <label>Quali strumenti utilizza con maggiore frequenza? : Scribus</label>
        <groupsection idref="8"/>
        <box>
          <tlx>1423</tlx>
          <tly>1217</tly>
          <brx>1482</brx>
          <bry>1276</bry>
          <value>A1</value>
          <label>Utilizzo professionale</label>
        </box>
        <box>
          <tlx>1600</tlx>
          <tly>1217</tly>
          <brx>1659</brx>
          <bry>1276</bry>
          <value>A2</value>
          <label>Utilizzo personale</label>
        </box>
        <box>
          <tlx>1778</tlx>
          <tly>1217</tly>
          <brx>1837</brx>
          <bry>1276</bry>
          <value>A3</value>
          <label>Conosce / Ne ha sentito parlare / Ne ha letto</label>
        </box>
        <box>
          <tlx>1955</tlx>
          <tly>1217</tly>
          <brx>2014</brx>
          <bry>1276</bry>
          <value>A4</value>
          <label>Non lo utilizzo</label>
        </box>
      </boxgroup>
      <boxgroup>
        <type>1</type>
        <width>2</width>
        <varname>55156X433X7183SQ007</varname>
        <sortorder>57</sortorder>
        <label>Quali strumenti utilizza con maggiore frequenza? : QGIS</label>
        <groupsection idref="8"/>
        <box>
          <tlx>1423</tlx>
          <tly>1341</tly>
          <brx>1482</brx>
          <bry>1400</bry>
          <value>A1</value>
          <label>Utilizzo professionale</label>
        </box>
        <box>
          <tlx>1600</tlx>
          <tly>1341</tly>
          <brx>1659</brx>
          <bry>1400</bry>
          <value>A2</value>
          <label>Utilizzo personale</label>
        </box>
        <box>
          <tlx>1778</tlx>
          <tly>1341</tly>
          <brx>1837</brx>
          <bry>1400</bry>
          <value>A3</value>
          <label>Conosce / Ne ha sentito parlare / Ne ha letto</label>
        </box>
        <box>
          <tlx>1955</tlx>
          <tly>1341</tly>
          <brx>2014</brx>
          <bry>1400</bry>
          <value>A4</value>
          <label>Non lo utilizzo</label>
        </box>
      </boxgroup>
      <boxgroup>
        <type>1</type>
        <width>2</width>
        <varname>55156X433X7183SQ008</varname>
        <sortorder>58</sortorder>
        <label>Quali strumenti utilizza con maggiore frequenza? : GRASS GIS</label>
        <groupsection idref="8"/>
        <box>
          <tlx>1423</tlx>
          <tly>1465</tly>
          <brx>1482</brx>
          <bry>1524</bry>
          <value>A1</value>
          <label>Utilizzo professionale</label>
        </box>
        <box>
          <tlx>1600</tlx>
          <tly>1465</tly>
          <brx>1659</brx>
          <bry>1524</bry>
          <value>A2</value>
          <label>Utilizzo personale</label>
        </box>
        <box>
          <tlx>1778</tlx>
          <tly>1465</tly>
          <brx>1837</brx>
          <bry>1524</bry>
          <value>A3</value>
          <label>Conosce / Ne ha sentito parlare / Ne ha letto</label>
        </box>
        <box>
          <tlx>1955</tlx>
          <tly>1465</tly>
          <brx>2014</brx>
          <bry>1524</bry>
          <value>A4</value>
          <label>Non lo utilizzo</label>
        </box>
      </boxgroup>
      <boxgroup>
        <type>1</type>
        <width>2</width>
        <varname>55156X433X7183SQ009</varname>
        <sortorder>59</sortorder>
        <label>Quali strumenti utilizza con maggiore frequenza? : Altri GIS</label>
        <groupsection idref="8"/>
        <box>
          <tlx>1423</tlx>
          <tly>1589</tly>
          <brx>1482</brx>
          <bry>1648</bry>
          <value>A1</value>
          <label>Utilizzo professionale</label>
        </box>
        <box>
          <tlx>1600</tlx>
          <tly>1589</tly>
          <brx>1659</brx>
          <bry>1648</bry>
          <value>A2</value>
          <label>Utilizzo personale</label>
        </box>
        <box>
          <tlx>1778</tlx>
          <tly>1589</tly>
          <brx>1837</brx>
          <bry>1648</bry>
          <value>A3</value>
          <label>Conosce / Ne ha sentito parlare / Ne ha letto</label>
        </box>
        <box>
          <tlx>1955</tlx>
          <tly>1589</tly>
          <brx>2014</brx>
          <bry>1648</bry>
          <value>A4</value>
          <label>Non lo utilizzo</label>
        </box>
      </boxgroup>
      <boxgroup>
        <type>1</type>
        <width>2</width>
        <varname>55156X433X7183SQ010</varname>
        <sortorder>60</sortorder>
        <label>Quali strumenti utilizza con maggiore frequenza? : Linux (qualsiasi distribuzione)</label>
        <groupsection idref="8"/>
        <box>
          <tlx>1423</tlx>
          <tly>1713</tly>
          <brx>1482</brx>
          <bry>1772</bry>
          <value>A1</value>
          <label>Utilizzo professionale</label>
        </box>
        <box>
          <tlx>1600</tlx>
          <tly>1713</tly>
          <brx>1659</brx>
          <bry>1772</bry>
          <value>A2</value>
          <label>Utilizzo personale</label>
        </box>
        <box>
          <tlx>1778</tlx>
          <tly>1713</tly>
          <brx>1837</brx>
          <bry>1772</bry>
          <value>A3</value>
          <label>Conosce / Ne ha sentito parlare / Ne ha letto</label>
        </box>
        <box>
          <tlx>1955</tlx>
          <tly>1713</tly>
          <brx>2014</brx>
          <bry>1772</bry>
          <value>A4</value>
          <label>Non lo utilizzo</label>
        </box>
      </boxgroup>
      <boxgroup>
        <type>1</type>
        <width>2</width>
        <varname>55156X433X7183SQ011</varname>
        <sortorder>61</sortorder>
        <label>Quali strumenti utilizza con maggiore frequenza? : Linux Server (qualsiasi distribuzione)</label>
        <groupsection idref="8"/>
        <box>
          <tlx>1423</tlx>
          <tly>1837</tly>
          <brx>1482</brx>
          <bry>1896</bry>
          <value>A1</value>
          <label>Utilizzo professionale</label>
        </box>
        <box>
          <tlx>1600</tlx>
          <tly>1837</tly>
          <brx>1659</brx>
          <bry>1896</bry>
          <value>A2</value>
          <label>Utilizzo personale</label>
        </box>
        <box>
          <tlx>1778</tlx>
          <tly>1837</tly>
          <brx>1837</brx>
          <bry>1896</bry>
          <value>A3</value>
          <label>Conosce / Ne ha sentito parlare / Ne ha letto</label>
        </box>
        <box>
          <tlx>1955</tlx>
          <tly>1837</tly>
          <brx>2014</brx>
          <bry>1896</bry>
          <value>A4</value>
          <label>Non lo utilizzo</label>
        </box>
      </boxgroup>
      <boxgroup>
        <type>1</type>
        <width>2</width>
        <varname>55156X433X7183SQ012</varname>
        <sortorder>62</sortorder>
        <label>Quali strumenti utilizza con maggiore frequenza? : PostgreSQL</label>
        <groupsection idref="8"/>
        <box>
          <tlx>1423</tlx>
          <tly>1961</tly>
          <brx>1482</brx>
          <bry>2020</bry>
          <value>A1</value>
          <label>Utilizzo professionale</label>
        </box>
        <box>
          <tlx>1600</tlx>
          <tly>1961</tly>
          <brx>1659</brx>
          <bry>2020</bry>
          <value>A2</value>
          <label>Utilizzo personale</label>
        </box>
        <box>
          <tlx>1778</tlx>
          <tly>1961</tly>
          <brx>1837</brx>
          <bry>2020</bry>
          <value>A3</value>
          <label>Conosce / Ne ha sentito parlare / Ne ha letto</label>
        </box>
        <box>
          <tlx>1955</tlx>
          <tly>1961</tly>
          <brx>2014</brx>
          <bry>2020</bry>
          <value>A4</value>
          <label>Non lo utilizzo</label>
        </box>
      </boxgroup>
      <boxgroup>
        <type>1</type>
        <width>2</width>
        <varname>55156X433X7183SQ013</varname>
        <sortorder>63</sortorder>
        <label>Quali strumenti utilizza con maggiore frequenza? : MySQL</label>
        <groupsection idref="8"/>
        <box>
          <tlx>1423</tlx>
          <tly>2085</tly>
          <brx>1482</brx>
          <bry>2144</bry>
          <value>A1</value>
          <label>Utilizzo professionale</label>
        </box>
        <box>
          <tlx>1600</tlx>
          <tly>2085</tly>
          <brx>1659</brx>
          <bry>2144</bry>
          <value>A2</value>
          <label>Utilizzo personale</label>
        </box>
        <box>
          <tlx>1778</tlx>
          <tly>2085</tly>
          <brx>1837</brx>
          <bry>2144</bry>
          <value>A3</value>
          <label>Conosce / Ne ha sentito parlare / Ne ha letto</label>
        </box>
        <box>
          <tlx>1955</tlx>
          <tly>2085</tly>
          <brx>2014</brx>
          <bry>2144</bry>
          <value>A4</value>
          <label>Non lo utilizzo</label>
        </box>
      </boxgroup>
      <boxgroup>
        <type>1</type>
        <width>2</width>
        <varname>55156X433X7183SQ014</varname>
        <sortorder>64</sortorder>
        <label>Quali strumenti utilizza con maggiore frequenza? : CMS</label>
        <groupsection idref="8"/>
        <box>
          <tlx>1423</tlx>
          <tly>2209</tly>
          <brx>1482</brx>
          <bry>2268</bry>
          <value>A1</value>
          <label>Utilizzo professionale</label>
        </box>
        <box>
          <tlx>1600</tlx>
          <tly>2209</tly>
          <brx>1659</brx>
          <bry>2268</bry>
          <value>A2</value>
          <label>Utilizzo personale</label>
        </box>
        <box>
          <tlx>1778</tlx>
          <tly>2209</tly>
          <brx>1837</brx>
          <bry>2268</bry>
          <value>A3</value>
          <label>Conosce / Ne ha sentito parlare / Ne ha letto</label>
        </box>
        <box>
          <tlx>1955</tlx>
          <tly>2209</tly>
          <brx>2014</brx>
          <bry>2268</bry>
          <value>A4</value>
          <label>Non lo utilizzo</label>
        </box>
      </boxgroup>
      <boxgroup>
        <type>1</type>
        <width>2</width>
        <varname>55156X433X7183SQ015</varname>
        <sortorder>65</sortorder>
        <label>Quali strumenti utilizza con maggiore frequenza? : Linguaggi di programmazione / ambienti di sviluppo / IDE...</label>
        <groupsection idref="8"/>
        <box>
          <tlx>1423</tlx>
          <tly>2333</tly>
          <brx>1482</brx>
          <bry>2392</bry>
          <value>A1</value>
          <label>Utilizzo professionale</label>
        </box>
        <box>
          <tlx>1600</tlx>
          <tly>2333</tly>
          <brx>1659</brx>
          <bry>2392</bry>
          <value>A2</value>
          <label>Utilizzo personale</label>
        </box>
        <box>
          <tlx>1778</tlx>
          <tly>2333</tly>
          <brx>1837</brx>
          <bry>2392</bry>
          <value>A3</value>
          <label>Conosce / Ne ha sentito parlare / Ne ha letto</label>
        </box>
        <box>
          <tlx>1955</tlx>
          <tly>2333</tly>
          <brx>2014</brx>
          <bry>2392</bry>
          <value>A4</value>
          <label>Non lo utilizzo</label>
        </box>
      </boxgroup>
      <boxgroup>
        <type>1</type>
        <width>2</width>
        <varname>55156X433X7183SQ017</varname>
        <sortorder>66</sortorder>
        <label>Quali strumenti utilizza con maggiore frequenza? : CAD / CAE / BIM</label>
        <groupsection idref="8"/>
        <box>
          <tlx>1423</tlx>
          <tly>2457</tly>
          <brx>1482</brx>
          <bry>2516</bry>
          <value>A1</value>
          <label>Utilizzo professionale</label>
        </box>
        <box>
          <tlx>1600</tlx>
          <tly>2457</tly>
          <brx>1659</brx>
          <bry>2516</bry>
          <value>A2</value>
          <label>Utilizzo personale</label>
        </box>
        <box>
          <tlx>1778</tlx>
          <tly>2457</tly>
          <brx>1837</brx>
          <bry>2516</bry>
          <value>A3</value>
          <label>Conosce / Ne ha sentito parlare / Ne ha letto</label>
        </box>
        <box>
          <tlx>1955</tlx>
          <tly>2457</tly>
          <brx>2014</brx>
          <bry>2516</bry>
          <value>A4</value>
          <label>Non lo utilizzo</label>
        </box>
      </boxgroup>
      <boxgroup>
        <type>1</type>
        <width>2</width>
        <varname>55156X433X7183SQ018</varname>
        <sortorder>67</sortorder>
        <label>Quali strumenti utilizza con maggiore frequenza? : Rendering / Modellazione 3D</label>
        <groupsection idref="8"/>
        <box>
          <tlx>1423</tlx>
          <tly>2581</tly>
          <brx>1482</brx>
          <bry>2640</bry>
          <value>A1</value>
          <label>Utilizzo professionale</label>
        </box>
        <box>
          <tlx>1600</tlx>
          <tly>2581</tly>
          <brx>1659</brx>
          <bry>2640</bry>
          <value>A2</value>
          <label>Utilizzo personale</label>
        </box>
        <box>
          <tlx>1778</tlx>
          <tly>2581</tly>
          <brx>1837</brx>
          <bry>2640</bry>
          <value>A3</value>
          <label>Conosce / Ne ha sentito parlare / Ne ha letto</label>
        </box>
        <box>
          <tlx>1955</tlx>
          <tly>2581</tly>
          <brx>2014</brx>
          <bry>2640</bry>
          <value>A4</value>
          <label>Non lo utilizzo</label>
        </box>
      </boxgroup>
      <boxgroup>
        <type>1</type>
        <width>2</width>
        <varname>55156X433X7183SQ019</varname>
        <sortorder>68</sortorder>
        <label>Quali strumenti utilizza con maggiore frequenza? : ALTRO</label>
        <groupsection idref="8"/>
        <box>
          <tlx>1423</tlx>
          <tly>2705</tly>
          <brx>1482</brx>
          <bry>2764</bry>
          <value>A1</value>
          <label>Utilizzo professionale</label>
        </box>
        <box>
          <tlx>1600</tlx>
          <tly>2705</tly>
          <brx>1659</brx>
          <bry>2764</bry>
          <value>A2</value>
          <label>Utilizzo personale</label>
        </box>
        <box>
          <tlx>1778</tlx>
          <tly>2705</tly>
          <brx>1837</brx>
          <bry>2764</bry>
          <value>A3</value>
          <label>Conosce / Ne ha sentito parlare / Ne ha letto</label>
        </box>
        <box>
          <tlx>1955</tlx>
          <tly>2705</tly>
          <brx>2014</brx>
          <bry>2764</bry>
          <value>A4</value>
          <label>Non lo utilizzo</label>
        </box>
      </boxgroup>
    </page>
    <page>
      <id>05515607</id>
      <tlx>168</tlx>
      <tly>168</tly>
      <trx>2312</trx>
      <try>168</try>
      <brx>2312</brx>
      <bry>3340</bry>
      <blx>168</blx>
      <bly>3340</bly>
      <rotation>0</rotation>
      <boxgroup>
        <type>6</type>
        <width>1024</width>
        <varname>55156X433X7190</varname>
        <sortorder>69</sortorder>
        <label>Se ha selezionato la voce "ALTRO" si prega di specificare</label>
        <groupsection idref="8"/>
        <box>
          <tlx>360</tlx>
          <tly>234</tly>
          <brx>2073</brx>
          <bry>706</bry>
          <value></value>
          <label></label>
        </box>
      </boxgroup>
      <boxgroup>
        <type>1</type>
        <width>1</width>
        <varname>55156X434X7184</varname>
        <sortorder>70</sortorder>
        <label>Per la sua attivit&#xE0; professionale, ha acquistato (o chiesto di far acquistare) software proprietario negli ultimi 24 mesi? : </label>
        <groupsection idref="9"/>
        <box>
          <tlx>1984</tlx>
          <tly>1073</tly>
          <brx>2043</brx>
          <bry>1132</bry>
          <value>Y</value>
          <label>S&#xEC;</label>
        </box>
        <box>
          <tlx>1984</tlx>
          <tly>1180</tly>
          <brx>2043</brx>
          <bry>1239</bry>
          <value>N</value>
          <label>No</label>
        </box>
      </boxgroup>
      <boxgroup>
        <type>1</type>
        <width>1</width>
        <varname>55156X434X7185</varname>
        <sortorder>71</sortorder>
        <label>E' a conoscenza dell'esistenza di un "Codice dell'Amministrazione Digitale" (CAD)? : </label>
        <groupsection idref="9"/>
        <box>
          <tlx>1984</tlx>
          <tly>1631</tly>
          <brx>2043</brx>
          <bry>1690</bry>
          <value>Y</value>
          <label>S&#xEC;</label>
        </box>
        <box>
          <tlx>1984</tlx>
          <tly>1737</tly>
          <brx>2043</brx>
          <bry>1796</bry>
          <value>N</value>
          <label>No</label>
        </box>
      </boxgroup>
      <boxgroup>
        <type>1</type>
        <width>1</width>
        <varname>55156X434X7186</varname>
        <sortorder>72</sortorder>
        <label>Ha mai effettuato una "valutazione comparativa" (relativa alla riusabilit&#xE0; del software) come richiesto dalla normativa AGID? : </label>
        <groupsection idref="9"/>
        <box>
          <tlx>1984</tlx>
          <tly>1992</tly>
          <brx>2043</brx>
          <bry>2051</bry>
          <value>Y</value>
          <label>S&#xEC;</label>
        </box>
        <box>
          <tlx>1984</tlx>
          <tly>2099</tly>
          <brx>2043</brx>
          <bry>2158</bry>
          <value>N</value>
          <label>No</label>
        </box>
      </boxgroup>
    </page>
    <page>
      <id>05515608</id>
      <tlx>168</tlx>
      <tly>168</tly>
      <trx>2312</trx>
      <try>168</try>
      <brx>2312</brx>
      <bry>3340</bry>
      <blx>168</blx>
      <bly>3340</bly>
      <rotation>0</rotation>
      <boxgroup>
        <type>1</type>
        <width>2</width>
        <varname>55156X435X7187SQ006</varname>
        <sortorder>73</sortorder>
        <label>Il software Libero e/o Open Source garantisce prestazioni migliori rispetto al software proprietario</label>
        <groupsection idref="10"/>
        <box>
          <tlx>1423</tlx>
          <tly>807</tly>
          <brx>1482</brx>
          <bry>866</bry>
          <value>A1</value>
          <label>Per nulla rilevante</label>
        </box>
        <box>
          <tlx>1600</tlx>
          <tly>807</tly>
          <brx>1659</brx>
          <bry>866</bry>
          <value>A2</value>
          <label>Poco rilevante</label>
        </box>
        <box>
          <tlx>1778</tlx>
          <tly>807</tly>
          <brx>1837</brx>
          <bry>866</bry>
          <value>A3</value>
          <label>Mediamente rilevante</label>
        </box>
        <box>
          <tlx>1955</tlx>
          <tly>807</tly>
          <brx>2014</brx>
          <bry>866</bry>
          <value>A4</value>
          <label>Molto rilevante</label>
        </box>
      </boxgroup>
      <boxgroup>
        <type>1</type>
        <width>2</width>
        <varname>55156X435X7187SQ007</varname>
        <sortorder>74</sortorder>
        <label>Il software Libero e/o Open Source garantisce costi minori</label>
        <groupsection idref="10"/>
        <box>
          <tlx>1423</tlx>
          <tly>931</tly>
          <brx>1482</brx>
          <bry>990</bry>
          <value>A1</value>
          <label>Per nulla rilevante</label>
        </box>
        <box>
          <tlx>1600</tlx>
          <tly>931</tly>
          <brx>1659</brx>
          <bry>990</bry>
          <value>A2</value>
          <label>Poco rilevante</label>
        </box>
        <box>
          <tlx>1778</tlx>
          <tly>931</tly>
          <brx>1837</brx>
          <bry>990</bry>
          <value>A3</value>
          <label>Mediamente rilevante</label>
        </box>
        <box>
          <tlx>1955</tlx>
          <tly>931</tly>
          <brx>2014</brx>
          <bry>990</bry>
          <value>A4</value>
          <label>Molto rilevante</label>
        </box>
      </boxgroup>
      <boxgroup>
        <type>1</type>
        <width>2</width>
        <varname>55156X435X7187SQ008</varname>
        <sortorder>75</sortorder>
        <label>L'utilizzo di software Libero e/o Open Source &#xE8; suggerito, ove possibile, dal CAD (Codice di Amministrazione Digitale)</label>
        <groupsection idref="10"/>
        <box>
          <tlx>1423</tlx>
          <tly>1055</tly>
          <brx>1482</brx>
          <bry>1114</bry>
          <value>A1</value>
          <label>Per nulla rilevante</label>
        </box>
        <box>
          <tlx>1600</tlx>
          <tly>1055</tly>
          <brx>1659</brx>
          <bry>1114</bry>
          <value>A2</value>
          <label>Poco rilevante</label>
        </box>
        <box>
          <tlx>1778</tlx>
          <tly>1055</tly>
          <brx>1837</brx>
          <bry>1114</bry>
          <value>A3</value>
          <label>Mediamente rilevante</label>
        </box>
        <box>
          <tlx>1955</tlx>
          <tly>1055</tly>
          <brx>2014</brx>
          <bry>1114</bry>
          <value>A4</value>
          <label>Molto rilevante</label>
        </box>
      </boxgroup>
      <boxgroup>
        <type>1</type>
        <width>2</width>
        <varname>55156X435X7187SQ009</varname>
        <sortorder>76</sortorder>
        <label>Per ragioni etiche &#xE8; pi&#xF9; corretto che la Pubblica Amministrazione investa soldi pubblici per sostenere soluzioni Libere e/o Open Source</label>
        <groupsection idref="10"/>
        <box>
          <tlx>1423</tlx>
          <tly>1179</tly>
          <brx>1482</brx>
          <bry>1238</bry>
          <value>A1</value>
          <label>Per nulla rilevante</label>
        </box>
        <box>
          <tlx>1600</tlx>
          <tly>1179</tly>
          <brx>1659</brx>
          <bry>1238</bry>
          <value>A2</value>
          <label>Poco rilevante</label>
        </box>
        <box>
          <tlx>1778</tlx>
          <tly>1179</tly>
          <brx>1837</brx>
          <bry>1238</bry>
          <value>A3</value>
          <label>Mediamente rilevante</label>
        </box>
        <box>
          <tlx>1955</tlx>
          <tly>1179</tly>
          <brx>2014</brx>
          <bry>1238</bry>
          <value>A4</value>
          <label>Molto rilevante</label>
        </box>
      </boxgroup>
      <boxgroup>
        <type>1</type>
        <width>2</width>
        <varname>55156X435X7187SQ010</varname>
        <sortorder>77</sortorder>
        <label>Il software Libero e/o Open Source garantisce maggiori garanzie sulla continuit&#xE0; del servizio, non essendo legato ad una singola azienda</label>
        <groupsection idref="10"/>
        <box>
          <tlx>1423</tlx>
          <tly>1303</tly>
          <brx>1482</brx>
          <bry>1362</bry>
          <value>A1</value>
          <label>Per nulla rilevante</label>
        </box>
        <box>
          <tlx>1600</tlx>
          <tly>1303</tly>
          <brx>1659</brx>
          <bry>1362</bry>
          <value>A2</value>
          <label>Poco rilevante</label>
        </box>
        <box>
          <tlx>1778</tlx>
          <tly>1303</tly>
          <brx>1837</brx>
          <bry>1362</bry>
          <value>A3</value>
          <label>Mediamente rilevante</label>
        </box>
        <box>
          <tlx>1955</tlx>
          <tly>1303</tly>
          <brx>2014</brx>
          <bry>1362</bry>
          <value>A4</value>
          <label>Molto rilevante</label>
        </box>
      </boxgroup>
    </page>
  </questionnaire>
</queXF>
