<?xml version="1.0" encoding="UTF-8"?>
<questionnaire id="55156">
  <title>SURVEY ON FREE SOFTWARE, OPEN DATA AND OPEN FORMAT V.3</title>
  <investigator/>
  <dataCollector/>
  <questionnaireInfo>
    <position>before</position>
    <text>&lt;p style="text-align: center;"&gt;&#13;
	&lt;em&gt;Thank You in advance for Your Cooperation&lt;/em&gt;&lt;/p&gt;</text>
    <administration>self</administration>
  </questionnaireInfo>
  <questionnaireInfo>
    <position>after</position>
    <text>&lt;em&gt;Thanks for Your time!&lt;/em&gt;&#13;
&#13;
	 </text>
    <administration>self</administration>
  </questionnaireInfo>
  <section id="426">
    <sectionInfo>
      <position>title</position>
      <text>Something about you and your company</text>
      <administration>self</administration>
    </sectionInfo>
    <question>
      <text>Type of company / Government agency</text>
      <response varName="55156X426X7170">
        <fixed>
          <category>
            <label>Consortium</label>
            <value>A5</value>
          </category>
          <category>
            <label>Public sector</label>
            <value>A2</value>
          </category>
          <category>
            <label>Freelance</label>
            <value>A3</value>
          </category>
          <category>
            <label>Private</label>
            <value>A1</value>
          </category>
          <category>
            <label>University / School</label>
            <value>A4</value>
          </category>
          <category>
            <label>Other</label>
            <value>-oth</value>
            <contingentQuestion varName="55156X426X7170other">
              <text>Other</text>
              <length>24</length>
            </contingentQuestion>
          </category>
        </fixed>
      </response>
    </question>
    <question>
      <text>Number of employees</text>
      <response varName="55156X426X7171">
        <fixed>
          <category>
            <label>Less than 10</label>
            <value>A1</value>
          </category>
          <category>
            <label>Between 11 and 50</label>
            <value>A2</value>
          </category>
          <category>
            <label>Between 51 and 100</label>
            <value>A3</value>
          </category>
          <category>
            <label>Between 101 and 500</label>
            <value>A4</value>
          </category>
          <category>
            <label>Between 501 and 1000</label>
            <value>A5</value>
          </category>
          <category>
            <label>More than 1000</label>
            <value>A6</value>
          </category>
          <category>
            <label>I don't know / I don't want to answer</label>
            <value>A7</value>
          </category>
          <category>
            <label>Other</label>
            <value>-oth</value>
            <contingentQuestion varName="55156X426X7171other">
              <text>Other</text>
              <length>24</length>
            </contingentQuestion>
          </category>
        </fixed>
      </response>
    </question>
    <question>
      <text>Main working area</text>
      <directive>
        <position>during</position>
        <text>Please indicate in which area you work</text>
        <administration>self</administration>
      </directive>
      <response varName="55156X426X7172">
        <fixed>
          <category>
            <label>Administrative</label>
            <value>A1</value>
          </category>
          <category>
            <label>Information and Communication Technologies (ICT)</label>
            <value>A2</value>
          </category>
          <category>
            <label>Commercial / business</label>
            <value>A3</value>
          </category>
          <category>
            <label>Education</label>
            <value>A4</value>
          </category>
          <category>
            <label>Research</label>
            <value>A5</value>
          </category>
          <category>
            <label>Student</label>
            <value>A7</value>
          </category>
          <category>
            <label>Technic</label>
            <value>A6</value>
          </category>
          <category>
            <label>Other</label>
            <value>-oth</value>
            <contingentQuestion varName="55156X426X7172other">
              <text>Other</text>
              <length>24</length>
            </contingentQuestion>
          </category>
        </fixed>
      </response>
    </question>
  </section>
  <section id="427">
    <sectionInfo>
      <position>title</position>
      <text>OPEN DATA</text>
      <administration>self</administration>
    </sectionInfo>
    <sectionInfo>
      <position>before</position>
      <text>For more info about Open Data Click here (a new window will be opened)</text>
      <administration>self</administration>
    </sectionInfo>
    <question>
      <text>Do you know about open data and open data format? *</text>
      <subQuestion varName="55156X427X7173SQ001">
        <text>Open data</text>
      </subQuestion>
      <subQuestion varName="55156X427X7173SQ002">
        <text>Open format</text>
      </subQuestion>
      <response varName="55156X427X7173">
        <fixed>
          <category>
            <label>Yes</label>
            <value>Y</value>
          </category>
          <category>
            <label>Uncertain</label>
            <value>U</value>
          </category>
          <category>
            <label>No</label>
            <value>N</value>
          </category>
        </fixed>
      </response>
    </question>
    <question>
      <text>Do your company / sector use and/or release "open data"?</text>
      <subQuestion varName="55156X427X7174SQ001">
        <text>Use</text>
      </subQuestion>
      <subQuestion varName="55156X427X7174SQ002">
        <text>publish / Offer</text>
      </subQuestion>
      <response varName="55156X427X7174">
        <fixed>
          <category>
            <label>Yes</label>
            <value>Y</value>
          </category>
          <category>
            <label>Uncertain</label>
            <value>U</value>
          </category>
          <category>
            <label>No</label>
            <value>N</value>
          </category>
        </fixed>
      </response>
    </question>
  </section>
  <section id="428">
    <sectionInfo>
      <position>title</position>
      <text>OPEN FORMAT</text>
      <administration>self</administration>
    </sectionInfo>
    <sectionInfo>
      <position>before</position>
      <text>For more info about Open Format click here (a new window will be opened)</text>
      <administration>self</administration>
    </sectionInfo>
    <question>
      <text>Do your company / sector use and/or offer "open data format"?</text>
      <subQuestion varName="55156X428X7175SQ001">
        <text>Use</text>
      </subQuestion>
      <subQuestion varName="55156X428X7175SQ002">
        <text>Offer</text>
      </subQuestion>
      <response varName="55156X428X7175">
        <fixed>
          <category>
            <label>Yes</label>
            <value>Y</value>
          </category>
          <category>
            <label>Uncertain</label>
            <value>U</value>
          </category>
          <category>
            <label>No</label>
            <value>N</value>
          </category>
        </fixed>
      </response>
    </question>
  </section>
  <section id="429">
    <sectionInfo>
      <position>title</position>
      <text>DATA FORMAT</text>
      <administration>self</administration>
    </sectionInfo>
    <question>
      <text>During Your professional activities which of these data format uses?</text>
      <subQuestion varName="55156X429X7176SQ001">
        <text>Open data format (Libre Office, Open Office...)</text>
      </subQuestion>
      <subQuestion varName="55156X429X7176SQ002">
        <text>CSV</text>
      </subQuestion>
      <subQuestion varName="55156X429X7176SQ006">
        <text>GIS data (shapefile, Spatialite...)</text>
      </subQuestion>
      <subQuestion varName="55156X429X7176SQ003">
        <text>TXT</text>
      </subQuestion>
      <subQuestion varName="55156X429X7176SQ004">
        <text>XML</text>
      </subQuestion>
      <subQuestion varName="55156X429X7176SQ005">
        <text>OTHER</text>
      </subQuestion>
      <response varName="55156X429X7176">
        <fixed>
          <category>
            <label>Yes</label>
            <value>Y</value>
          </category>
          <category>
            <label>Uncertain</label>
            <value>U</value>
          </category>
          <category>
            <label>No</label>
            <value>N</value>
          </category>
        </fixed>
      </response>
    </question>
    <question>
      <text>If you have selected "OTHER" please detail</text>
      <response varName="55156X429X7188">
        <free>
          <format>longtext</format>
          <length>40</length>
          <label></label>
        </free>
      </response>
    </question>
    <question>
      <text>In Your spare time which of these data format uses?</text>
      <subQuestion varName="55156X429X7177SQ001">
        <text>Open data format (Libre Office, Open Office...)</text>
      </subQuestion>
      <subQuestion varName="55156X429X7177SQ002">
        <text>CSV</text>
      </subQuestion>
      <subQuestion varName="55156X429X7177SQ006">
        <text>GIS data  (shapefile, Spatialite...)</text>
      </subQuestion>
      <subQuestion varName="55156X429X7177SQ003">
        <text>TXT</text>
      </subQuestion>
      <subQuestion varName="55156X429X7177SQ004">
        <text>XML</text>
      </subQuestion>
      <subQuestion varName="55156X429X7177SQ005">
        <text>OTHER</text>
      </subQuestion>
      <response varName="55156X429X7177">
        <fixed>
          <category>
            <label>Yes</label>
            <value>Y</value>
          </category>
          <category>
            <label>Uncertain</label>
            <value>U</value>
          </category>
          <category>
            <label>No</label>
            <value>N</value>
          </category>
        </fixed>
      </response>
    </question>
    <question>
      <text>If you have selected "OTHER" please detail</text>
      <response varName="55156X429X7189">
        <free>
          <format>longtext</format>
          <length>40</length>
          <label></label>
        </free>
      </response>
    </question>
  </section>
  <section id="430">
    <sectionInfo>
      <position>title</position>
      <text>SOFTWARE AND FREE LICENSE</text>
      <administration>self</administration>
    </sectionInfo>
    <question>
      <text>Doy You know about free software and/or open source?</text>
      <directive>
        <position>during</position>
        <text>For more info about Free Software click here (a new window will be opened)</text>
        <administration>self</administration>
      </directive>
      <response varName="55156X430X7178">
        <fixed>
          <category>
            <label>Yes</label>
            <value>Y</value>
          </category>
          <category>
            <label>No</label>
            <value>N</value>
          </category>
        </fixed>
      </response>
    </question>
    <question>
      <text>Do You Know about free license such as "Creative Commons" (CC), GNU Public License (GPL)....?</text>
      <directive>
        <position>during</position>
        <text>For more info about Creative Commons license click here (a new windows will be opened)
&lt;p&gt;
	For more info about GNU General Public License click here (a new window will be opened)&lt;/p&gt;</text>
        <administration>self</administration>
      </directive>
      <response varName="55156X430X7179">
        <fixed>
          <category>
            <label>Yes</label>
            <value>Y</value>
          </category>
          <category>
            <label>No</label>
            <value>N</value>
          </category>
        </fixed>
      </response>
    </question>
  </section>
  <section id="431">
    <sectionInfo>
      <position>title</position>
      <text>ONGOING PROJECTS</text>
      <administration>self</administration>
    </sectionInfo>
    <question>
      <text>In your company/sector, do you know about migration projects/initiative toward free and/or open source software?</text>
      <subQuestion varName="55156X431X7180SQ001">
        <text>I know</text>
      </subQuestion>
      <response varName="55156X431X7180">
        <fixed>
          <category>
            <label>Yes</label>
            <value>Y</value>
          </category>
          <category>
            <label>Uncertain</label>
            <value>U</value>
          </category>
          <category>
            <label>No</label>
            <value>N</value>
          </category>
        </fixed>
      </response>
    </question>
    <question>
      <text>In your company/sector, can you estimate the percentage of PC using Free and/or Open Source software?</text>
      <directive>
        <position>during</position>
        <text>The question is about any kind of Free Software (free software) and/or Open Source installed. The OS can be a proprietary system yet.</text>
        <administration>self</administration>
      </directive>
      <response varName="55156X431X7181">
        <free>
          <format>integer</format>
          <length>10</length>
          <label></label>
        </free>
      </response>
    </question>
  </section>
  <section id="432">
    <sectionInfo>
      <position>title</position>
      <text>OPEN SOURCE MIGRATION PROJECTS</text>
      <administration>self</administration>
    </sectionInfo>
    <question>
      <text>&lt;p&gt;
	What are the areas of most interest or usage?&lt;/p&gt;
&lt;p&gt;
	(it is possible to give more answers)&lt;/p&gt;</text>
      <response varName="55156X432X7182SQ018">
        <fixed>
          <category>
            <label>Audio / Video / multimedia</label>
            <value>1</value>
          </category>
        </fixed>
      </response>
      <response varName="55156X432X7182SQ015">
        <fixed>
          <category>
            <label>Building Information Modeling (BIM)</label>
            <value>1</value>
          </category>
        </fixed>
      </response>
      <response varName="55156X432X7182SQ001">
        <fixed>
          <category>
            <label>Computer-Aided Design (CAD)</label>
            <value>1</value>
          </category>
        </fixed>
      </response>
      <response varName="55156X432X7182SQ016">
        <fixed>
          <category>
            <label>Computer-Aided Energy Management (CAEM)</label>
            <value>1</value>
          </category>
        </fixed>
      </response>
      <response varName="55156X432X7182SQ013">
        <fixed>
          <category>
            <label>Computer-Aided Engineering (CAE)</label>
            <value>1</value>
          </category>
        </fixed>
      </response>
      <response varName="55156X432X7182SQ010">
        <fixed>
          <category>
            <label>CMS (Content Management System)</label>
            <value>1</value>
          </category>
        </fixed>
      </response>
      <response varName="55156X432X7182SQ002">
        <fixed>
          <category>
            <label>Database (DB, RDBMS...)</label>
            <value>1</value>
          </category>
        </fixed>
      </response>
      <response varName="55156X432X7182SQ003">
        <fixed>
          <category>
            <label>Data Mining</label>
            <value>1</value>
          </category>
        </fixed>
      </response>
      <response varName="55156X432X7182SQ004">
        <fixed>
          <category>
            <label>Geographic Information System (G.I.S.)</label>
            <value>1</value>
          </category>
        </fixed>
      </response>
      <response varName="55156X432X7182SQ012">
        <fixed>
          <category>
            <label>Vector graphic</label>
            <value>1</value>
          </category>
        </fixed>
      </response>
      <response varName="55156X432X7182SQ017">
        <fixed>
          <category>
            <label>Information and Communications Technologies (ICT)</label>
            <value>1</value>
          </category>
        </fixed>
      </response>
      <response varName="55156X432X7182SQ005">
        <fixed>
          <category>
            <label>Programming languages / development environment / IDE...</label>
            <value>1</value>
          </category>
        </fixed>
      </response>
      <response varName="55156X432X7182SQ006">
        <fixed>
          <category>
            <label>E-mail</label>
            <value>1</value>
          </category>
        </fixed>
      </response>
      <response varName="55156X432X7182SQ007">
        <fixed>
          <category>
            <label>Office Automation</label>
            <value>1</value>
          </category>
        </fixed>
      </response>
      <response varName="55156X432X7182SQ011">
        <fixed>
          <category>
            <label>Rendering, 3D Modeling</label>
            <value>1</value>
          </category>
        </fixed>
      </response>
      <response varName="55156X432X7182SQ008">
        <fixed>
          <category>
            <label>Operating system (Client/Server)</label>
            <value>1</value>
          </category>
        </fixed>
      </response>
      <response varName="55156X432X7182SQ014">
        <fixed>
          <category>
            <label>Transport Simulation Systems (TSS)</label>
            <value>1</value>
          </category>
        </fixed>
      </response>
      <response varName="55156X432X7182SQ009">
        <fixed>
          <category>
            <label>Image editing</label>
            <value>1</value>
          </category>
        </fixed>
      </response>
      <response varName="55156X432X7182T">
        <fixed>
          <category>
            <label>Other</label>
            <value>1</value>
            <contingentQuestion varName="55156X432X7182other">
              <text>Other</text>
              <length>24</length>
            </contingentQuestion>
          </category>
        </fixed>
      </response>
    </question>
  </section>
  <section id="433">
    <sectionInfo>
      <position>title</position>
      <text>FREE TOOLS AND SOFTWARE (KNOWN AND/OR USED)</text>
      <administration>self</administration>
    </sectionInfo>
    <question>
      <text>What tools and/or software do you use most frequently?</text>
      <subQuestion varName="55156X433X7183SQ001">
        <text>Libre Office</text>
      </subQuestion>
      <subQuestion varName="55156X433X7183SQ002">
        <text>Open Office</text>
      </subQuestion>
      <subQuestion varName="55156X433X7183SQ003">
        <text>E-mail</text>
      </subQuestion>
      <subQuestion varName="55156X433X7183SQ004">
        <text>Gimp</text>
      </subQuestion>
      <subQuestion varName="55156X433X7183SQ005">
        <text>Inkscape</text>
      </subQuestion>
      <subQuestion varName="55156X433X7183SQ006">
        <text>Scribus</text>
      </subQuestion>
      <subQuestion varName="55156X433X7183SQ007">
        <text>QGIS</text>
      </subQuestion>
      <subQuestion varName="55156X433X7183SQ008">
        <text>GRASS GIS</text>
      </subQuestion>
      <subQuestion varName="55156X433X7183SQ009">
        <text>Other GIS</text>
      </subQuestion>
      <subQuestion varName="55156X433X7183SQ010">
        <text>Linux (any distro)</text>
      </subQuestion>
      <subQuestion varName="55156X433X7183SQ011">
        <text>Linux Server (any distro)</text>
      </subQuestion>
      <subQuestion varName="55156X433X7183SQ012">
        <text>PostgreSQL</text>
      </subQuestion>
      <subQuestion varName="55156X433X7183SQ013">
        <text>MySQL</text>
      </subQuestion>
      <subQuestion varName="55156X433X7183SQ014">
        <text>CMS</text>
      </subQuestion>
      <subQuestion varName="55156X433X7183SQ015">
        <text>Programming languages / development environment / IDE...</text>
      </subQuestion>
      <subQuestion varName="55156X433X7183SQ017">
        <text>CAD / CAE / BIM</text>
      </subQuestion>
      <subQuestion varName="55156X433X7183SQ018">
        <text>Rendering / 3D Modeling</text>
      </subQuestion>
      <subQuestion varName="55156X433X7183SQ019">
        <text>OTHER</text>
      </subQuestion>
      <response varName="55156X433X7183">
        <fixed>
          <category>
            <label>Professional use</label>
            <value>A1</value>
          </category>
          <category>
            <label>Personal use</label>
            <value>A2</value>
          </category>
          <category>
            <label>I know / I have heard to talk about it / I ave read about it</label>
            <value>A3</value>
          </category>
          <category>
            <label>I don't use</label>
            <value>A4</value>
          </category>
        </fixed>
      </response>
    </question>
    <question>
      <text>If you have selected "OTHER" please detail</text>
      <response varName="55156X433X7190">
        <free>
          <format>longtext</format>
          <length>40</length>
          <label></label>
        </free>
      </response>
    </question>
  </section>
  <section id="434">
    <sectionInfo>
      <position>title</position>
      <text>PROPRIETARY SOFTWARE</text>
      <administration>self</administration>
    </sectionInfo>
    <question>
      <text>In your business, have you never bought (or asked to buy) proprietary software over the past 24 months?</text>
      <directive>
        <position>during</position>
        <text></text>
        <administration>self</administration>
      </directive>
      <response varName="55156X434X7184">
        <fixed>
          <category>
            <label>Yes</label>
            <value>Y</value>
          </category>
          <category>
            <label>No</label>
            <value>N</value>
          </category>
        </fixed>
      </response>
    </question>
    <question>
      <text>Do you know about the existence, in Italy, of a "Digital Public Sector Code" (CAD)?</text>
      <directive>
        <position>during</position>
        <text>&lt;p style="text-align: justify;"&gt;
	SCHEMA DI DECRETO LEGISLATIVO RECANTE MODIFICHE E INTEGRAZIONI AL CODICE DELL'AMMINISTRAZIONE DIGITALE DI CUI AL DECRETO LEGISLATIVO 7 MARZO 2005, N. 82, AI SENSI DELL'ARTICOLO 1 DELLA LEGGE 7 AGOSTO 2015, N. 124, IN MATERIA DI RIORGANIZZAZIONE DELLE AMMINISTRAZIONI PUBBLICHE.&lt;/p&gt;
&lt;p&gt;
	Visualizza il CAD (a new window will be opened)&lt;/p&gt;</text>
        <administration>self</administration>
      </directive>
      <response varName="55156X434X7185">
        <fixed>
          <category>
            <label>Yes</label>
            <value>Y</value>
          </category>
          <category>
            <label>No</label>
            <value>N</value>
          </category>
        </fixed>
      </response>
    </question>
    <question>
      <text>Have you ever made a "benchmarking" (on the reusability of the software) as required by AGID legislation?</text>
      <directive>
        <position>during</position>
        <text>&lt;p&gt;
	Circolare 6 dicembre 2013 n.63 - Linee guida per la valutazione comparativa prevista dall’art. 68 del D.Lgs.7 marzo 2005 , n. 82 “Codice dell’Amministrazione digitale”&lt;/p&gt;
&lt;p&gt;
	Valutazione Comparativa AGID (a new window will be opened)</text>
        <administration>self</administration>
      </directive>
      <response varName="55156X434X7186">
        <fixed>
          <category>
            <label>Yes</label>
            <value>Y</value>
          </category>
          <category>
            <label>No</label>
            <value>N</value>
          </category>
        </fixed>
      </response>
    </question>
  </section>
  <section id="435">
    <sectionInfo>
      <position>title</position>
      <text>REASONS FOR USING OPEN SOURCE SOFTWARE</text>
      <administration>self</administration>
    </sectionInfo>
    <question>
      <subQuestion varName="55156X435X7187SQ006">
        <text>Free and/or open source software provides better performance than proprietary software</text>
      </subQuestion>
      <subQuestion varName="55156X435X7187SQ007">
        <text>Free and/or Open source software provides lower costs</text>
      </subQuestion>
      <subQuestion varName="55156X435X7187SQ008">
        <text>The use of Free and/or Open Source software is recommended, where possible, from the italian CAD (Digital Administration Code)</text>
      </subQuestion>
      <subQuestion varName="55156X435X7187SQ009">
        <text>For ethical reasons, it is more correct that the Public Administration invests public money to support Free and/or Open Source solutions</text>
      </subQuestion>
      <subQuestion varName="55156X435X7187SQ010">
        <text>Free and/or Open source software provides greater guarantees service continuity , not being tied to a single company</text>
      </subQuestion>
      <response varName="55156X435X7187">
        <fixed>
          <category>
            <label>I'm agree</label>
            <value>A1</value>
          </category>
          <category>
            <label>I'm partially agree</label>
            <value>A2</value>
          </category>
          <category>
            <label>I don't agree</label>
            <value>A3</value>
          </category>
          <category>
            <label>Nuova opzione di risposta</label>
            <value>A4</value>
          </category>
        </fixed>
      </response>
    </question>
  </section>
</questionnaire>
