<?xml version="1.0"?>
<queXF>
  <questionnaire>
    <id>55156</id>
    <section id="1">
      <label>Something about you and your company</label>
      <title>Section A</title>
    </section>
    <section id="2">
      <label>OPEN DATA</label>
      <title>Section B</title>
    </section>
    <section id="3">
      <label>OPEN FORMAT</label>
      <title>Section C</title>
    </section>
    <section id="4">
      <label>DATA FORMAT</label>
      <title>Section D</title>
    </section>
    <section id="5">
      <label>SOFTWARE AND FREE LICENSE</label>
      <title>Section E</title>
    </section>
    <section id="6">
      <label>ONGOING PROJECTS</label>
      <title>Section F</title>
    </section>
    <section id="7">
      <label>OPEN SOURCE MIGRATION PROJECTS</label>
      <title>Section G</title>
    </section>
    <section id="8">
      <label>FREE TOOLS AND SOFTWARE (KNOWN AND/OR USED)</label>
      <title>Section H</title>
    </section>
    <section id="9">
      <label>PROPRIETARY SOFTWARE</label>
      <title>Section I</title>
    </section>
    <section id="10">
      <label>REASONS FOR USING OPEN SOURCE SOFTWARE</label>
      <title>Section J</title>
    </section>
    <page>
      <id>05515601</id>
      <tlx>168</tlx>
      <tly>168</tly>
      <trx>2312</trx>
      <try>168</try>
      <brx>2312</brx>
      <bry>3340</bry>
      <blx>168</blx>
      <bly>3340</bly>
      <rotation>0</rotation>
      <boxgroup>
        <type>1</type>
        <width>4</width>
        <varname>55156X426X7170</varname>
        <sortorder>1</sortorder>
        <label>Type of company / Government agency : </label>
        <groupsection idref="1"/>
        <box>
          <tlx>1984</tlx>
          <tly>938</tly>
          <brx>2043</brx>
          <bry>998</bry>
          <value>A5</value>
          <label>Consortium</label>
        </box>
        <box>
          <tlx>1984</tlx>
          <tly>1039</tly>
          <brx>2043</brx>
          <bry>1098</bry>
          <value>A2</value>
          <label>Public sector</label>
        </box>
        <box>
          <tlx>1984</tlx>
          <tly>1145</tly>
          <brx>2043</brx>
          <bry>1204</bry>
          <value>A3</value>
          <label>Freelance</label>
        </box>
        <box>
          <tlx>1984</tlx>
          <tly>1251</tly>
          <brx>2043</brx>
          <bry>1311</bry>
          <value>A1</value>
          <label>Private</label>
        </box>
        <box>
          <tlx>1984</tlx>
          <tly>1358</tly>
          <brx>2043</brx>
          <bry>1417</bry>
          <value>A4</value>
          <label>University / School</label>
        </box>
        <box>
          <tlx>1984</tlx>
          <tly>1452</tly>
          <brx>2043</brx>
          <bry>1511</bry>
          <value>-oth</value>
          <label>Other</label>
        </box>
      </boxgroup>
      <boxgroup>
        <type>3</type>
        <width>24</width>
        <varname>55156X426X7170other</varname>
        <sortorder>2</sortorder>
        <label>Other</label>
        <groupsection idref="1"/>
        <box>
          <tlx>353</tlx>
          <tly>1621</tly>
          <brx>424</brx>
          <bry>1716</bry>
          <value></value>
          <label></label>
        </box>
        <box>
          <tlx>426</tlx>
          <tly>1621</tly>
          <brx>497</brx>
          <bry>1716</bry>
          <value></value>
          <label></label>
        </box>
        <box>
          <tlx>498</tlx>
          <tly>1621</tly>
          <brx>569</brx>
          <bry>1716</bry>
          <value></value>
          <label></label>
        </box>
        <box>
          <tlx>571</tlx>
          <tly>1621</tly>
          <brx>642</brx>
          <bry>1716</bry>
          <value></value>
          <label></label>
        </box>
        <box>
          <tlx>644</tlx>
          <tly>1621</tly>
          <brx>715</brx>
          <bry>1716</bry>
          <value></value>
          <label></label>
        </box>
        <box>
          <tlx>716</tlx>
          <tly>1621</tly>
          <brx>787</brx>
          <bry>1716</bry>
          <value></value>
          <label></label>
        </box>
        <box>
          <tlx>789</tlx>
          <tly>1621</tly>
          <brx>860</brx>
          <bry>1716</bry>
          <value></value>
          <label></label>
        </box>
        <box>
          <tlx>862</tlx>
          <tly>1621</tly>
          <brx>932</brx>
          <bry>1716</bry>
          <value></value>
          <label></label>
        </box>
        <box>
          <tlx>934</tlx>
          <tly>1621</tly>
          <brx>1005</brx>
          <bry>1716</bry>
          <value></value>
          <label></label>
        </box>
        <box>
          <tlx>1007</tlx>
          <tly>1621</tly>
          <brx>1078</brx>
          <bry>1716</bry>
          <value></value>
          <label></label>
        </box>
        <box>
          <tlx>1080</tlx>
          <tly>1621</tly>
          <brx>1150</brx>
          <bry>1716</bry>
          <value></value>
          <label></label>
        </box>
        <box>
          <tlx>1152</tlx>
          <tly>1621</tly>
          <brx>1223</brx>
          <bry>1716</bry>
          <value></value>
          <label></label>
        </box>
        <box>
          <tlx>1225</tlx>
          <tly>1621</tly>
          <brx>1296</brx>
          <bry>1716</bry>
          <value></value>
          <label></label>
        </box>
        <box>
          <tlx>1297</tlx>
          <tly>1621</tly>
          <brx>1368</brx>
          <bry>1716</bry>
          <value></value>
          <label></label>
        </box>
        <box>
          <tlx>1370</tlx>
          <tly>1621</tly>
          <brx>1441</brx>
          <bry>1716</bry>
          <value></value>
          <label></label>
        </box>
        <box>
          <tlx>1443</tlx>
          <tly>1621</tly>
          <brx>1514</brx>
          <bry>1716</bry>
          <value></value>
          <label></label>
        </box>
        <box>
          <tlx>1515</tlx>
          <tly>1621</tly>
          <brx>1586</brx>
          <bry>1716</bry>
          <value></value>
          <label></label>
        </box>
        <box>
          <tlx>1588</tlx>
          <tly>1621</tly>
          <brx>1659</brx>
          <bry>1716</bry>
          <value></value>
          <label></label>
        </box>
        <box>
          <tlx>1661</tlx>
          <tly>1621</tly>
          <brx>1731</brx>
          <bry>1716</bry>
          <value></value>
          <label></label>
        </box>
        <box>
          <tlx>1733</tlx>
          <tly>1621</tly>
          <brx>1804</brx>
          <bry>1716</bry>
          <value></value>
          <label></label>
        </box>
        <box>
          <tlx>1806</tlx>
          <tly>1621</tly>
          <brx>1877</brx>
          <bry>1716</bry>
          <value></value>
          <label></label>
        </box>
        <box>
          <tlx>1879</tlx>
          <tly>1621</tly>
          <brx>1949</brx>
          <bry>1716</bry>
          <value></value>
          <label></label>
        </box>
        <box>
          <tlx>1951</tlx>
          <tly>1621</tly>
          <brx>2022</brx>
          <bry>1716</bry>
          <value></value>
          <label></label>
        </box>
        <box>
          <tlx>2024</tlx>
          <tly>1621</tly>
          <brx>2095</brx>
          <bry>1716</bry>
          <value></value>
          <label></label>
        </box>
      </boxgroup>
      <boxgroup>
        <type>1</type>
        <width>4</width>
        <varname>55156X426X7171</varname>
        <sortorder>3</sortorder>
        <label>Number of employees : </label>
        <groupsection idref="1"/>
        <box>
          <tlx>1984</tlx>
          <tly>1831</tly>
          <brx>2043</brx>
          <bry>1890</bry>
          <value>A1</value>
          <label>Less than 10</label>
        </box>
        <box>
          <tlx>1984</tlx>
          <tly>1932</tly>
          <brx>2043</brx>
          <bry>1991</bry>
          <value>A2</value>
          <label>Between 11 and 50</label>
        </box>
        <box>
          <tlx>1984</tlx>
          <tly>2038</tly>
          <brx>2043</brx>
          <bry>2097</bry>
          <value>A3</value>
          <label>Between 51 and 100</label>
        </box>
        <box>
          <tlx>1984</tlx>
          <tly>2144</tly>
          <brx>2043</brx>
          <bry>2203</bry>
          <value>A4</value>
          <label>Between 101 and 500</label>
        </box>
        <box>
          <tlx>1984</tlx>
          <tly>2250</tly>
          <brx>2043</brx>
          <bry>2310</bry>
          <value>A5</value>
          <label>Between 501 and 1000</label>
        </box>
        <box>
          <tlx>1984</tlx>
          <tly>2357</tly>
          <brx>2043</brx>
          <bry>2416</bry>
          <value>A6</value>
          <label>More than 1000</label>
        </box>
        <box>
          <tlx>1984</tlx>
          <tly>2463</tly>
          <brx>2043</brx>
          <bry>2522</bry>
          <value>A7</value>
          <label>I don't know / I don't want to answer</label>
        </box>
        <box>
          <tlx>1984</tlx>
          <tly>2558</tly>
          <brx>2043</brx>
          <bry>2617</bry>
          <value>-oth</value>
          <label>Other</label>
        </box>
      </boxgroup>
      <boxgroup>
        <type>3</type>
        <width>24</width>
        <varname>55156X426X7171other</varname>
        <sortorder>4</sortorder>
        <label>Other</label>
        <groupsection idref="1"/>
        <box>
          <tlx>353</tlx>
          <tly>2726</tly>
          <brx>424</brx>
          <bry>2821</bry>
          <value></value>
          <label></label>
        </box>
        <box>
          <tlx>426</tlx>
          <tly>2726</tly>
          <brx>497</brx>
          <bry>2821</bry>
          <value></value>
          <label></label>
        </box>
        <box>
          <tlx>498</tlx>
          <tly>2726</tly>
          <brx>569</brx>
          <bry>2821</bry>
          <value></value>
          <label></label>
        </box>
        <box>
          <tlx>571</tlx>
          <tly>2726</tly>
          <brx>642</brx>
          <bry>2821</bry>
          <value></value>
          <label></label>
        </box>
        <box>
          <tlx>644</tlx>
          <tly>2726</tly>
          <brx>715</brx>
          <bry>2821</bry>
          <value></value>
          <label></label>
        </box>
        <box>
          <tlx>716</tlx>
          <tly>2726</tly>
          <brx>787</brx>
          <bry>2821</bry>
          <value></value>
          <label></label>
        </box>
        <box>
          <tlx>789</tlx>
          <tly>2726</tly>
          <brx>860</brx>
          <bry>2821</bry>
          <value></value>
          <label></label>
        </box>
        <box>
          <tlx>862</tlx>
          <tly>2726</tly>
          <brx>932</brx>
          <bry>2821</bry>
          <value></value>
          <label></label>
        </box>
        <box>
          <tlx>934</tlx>
          <tly>2726</tly>
          <brx>1005</brx>
          <bry>2821</bry>
          <value></value>
          <label></label>
        </box>
        <box>
          <tlx>1007</tlx>
          <tly>2726</tly>
          <brx>1078</brx>
          <bry>2821</bry>
          <value></value>
          <label></label>
        </box>
        <box>
          <tlx>1080</tlx>
          <tly>2726</tly>
          <brx>1150</brx>
          <bry>2821</bry>
          <value></value>
          <label></label>
        </box>
        <box>
          <tlx>1152</tlx>
          <tly>2726</tly>
          <brx>1223</brx>
          <bry>2821</bry>
          <value></value>
          <label></label>
        </box>
        <box>
          <tlx>1225</tlx>
          <tly>2726</tly>
          <brx>1296</brx>
          <bry>2821</bry>
          <value></value>
          <label></label>
        </box>
        <box>
          <tlx>1297</tlx>
          <tly>2726</tly>
          <brx>1368</brx>
          <bry>2821</bry>
          <value></value>
          <label></label>
        </box>
        <box>
          <tlx>1370</tlx>
          <tly>2726</tly>
          <brx>1441</brx>
          <bry>2821</bry>
          <value></value>
          <label></label>
        </box>
        <box>
          <tlx>1443</tlx>
          <tly>2726</tly>
          <brx>1514</brx>
          <bry>2821</bry>
          <value></value>
          <label></label>
        </box>
        <box>
          <tlx>1515</tlx>
          <tly>2726</tly>
          <brx>1586</brx>
          <bry>2821</bry>
          <value></value>
          <label></label>
        </box>
        <box>
          <tlx>1588</tlx>
          <tly>2726</tly>
          <brx>1659</brx>
          <bry>2821</bry>
          <value></value>
          <label></label>
        </box>
        <box>
          <tlx>1661</tlx>
          <tly>2726</tly>
          <brx>1731</brx>
          <bry>2821</bry>
          <value></value>
          <label></label>
        </box>
        <box>
          <tlx>1733</tlx>
          <tly>2726</tly>
          <brx>1804</brx>
          <bry>2821</bry>
          <value></value>
          <label></label>
        </box>
        <box>
          <tlx>1806</tlx>
          <tly>2726</tly>
          <brx>1877</brx>
          <bry>2821</bry>
          <value></value>
          <label></label>
        </box>
        <box>
          <tlx>1879</tlx>
          <tly>2726</tly>
          <brx>1949</brx>
          <bry>2821</bry>
          <value></value>
          <label></label>
        </box>
        <box>
          <tlx>1951</tlx>
          <tly>2726</tly>
          <brx>2022</brx>
          <bry>2821</bry>
          <value></value>
          <label></label>
        </box>
        <box>
          <tlx>2024</tlx>
          <tly>2726</tly>
          <brx>2095</brx>
          <bry>2821</bry>
          <value></value>
          <label></label>
        </box>
      </boxgroup>
    </page>
    <page>
      <id>05515602</id>
      <tlx>168</tlx>
      <tly>168</tly>
      <trx>2312</trx>
      <try>168</try>
      <brx>2312</brx>
      <bry>3340</bry>
      <blx>168</blx>
      <bly>3340</bly>
      <rotation>0</rotation>
      <boxgroup>
        <type>1</type>
        <width>4</width>
        <varname>55156X426X7172</varname>
        <sortorder>5</sortorder>
        <label>Main working area : </label>
        <groupsection idref="1"/>
        <box>
          <tlx>1984</tlx>
          <tly>304</tly>
          <brx>2043</brx>
          <bry>363</bry>
          <value>A1</value>
          <label>Administrative</label>
        </box>
        <box>
          <tlx>1984</tlx>
          <tly>404</tly>
          <brx>2043</brx>
          <bry>463</bry>
          <value>A2</value>
          <label>Information and Communication Technologies (ICT)</label>
        </box>
        <box>
          <tlx>1984</tlx>
          <tly>510</tly>
          <brx>2043</brx>
          <bry>569</bry>
          <value>A3</value>
          <label>Commercial / business</label>
        </box>
        <box>
          <tlx>1984</tlx>
          <tly>617</tly>
          <brx>2043</brx>
          <bry>676</bry>
          <value>A4</value>
          <label>Education</label>
        </box>
        <box>
          <tlx>1984</tlx>
          <tly>723</tly>
          <brx>2043</brx>
          <bry>782</bry>
          <value>A5</value>
          <label>Research</label>
        </box>
        <box>
          <tlx>1984</tlx>
          <tly>829</tly>
          <brx>2043</brx>
          <bry>888</bry>
          <value>A7</value>
          <label>Student</label>
        </box>
        <box>
          <tlx>1984</tlx>
          <tly>935</tly>
          <brx>2043</brx>
          <bry>995</bry>
          <value>A6</value>
          <label>Technic</label>
        </box>
        <box>
          <tlx>1984</tlx>
          <tly>1030</tly>
          <brx>2043</brx>
          <bry>1089</bry>
          <value>-oth</value>
          <label>Other</label>
        </box>
      </boxgroup>
      <boxgroup>
        <type>3</type>
        <width>24</width>
        <varname>55156X426X7172other</varname>
        <sortorder>6</sortorder>
        <label>Other</label>
        <groupsection idref="1"/>
        <box>
          <tlx>353</tlx>
          <tly>1199</tly>
          <brx>424</brx>
          <bry>1293</bry>
          <value></value>
          <label></label>
        </box>
        <box>
          <tlx>426</tlx>
          <tly>1199</tly>
          <brx>497</brx>
          <bry>1293</bry>
          <value></value>
          <label></label>
        </box>
        <box>
          <tlx>498</tlx>
          <tly>1199</tly>
          <brx>569</brx>
          <bry>1293</bry>
          <value></value>
          <label></label>
        </box>
        <box>
          <tlx>571</tlx>
          <tly>1199</tly>
          <brx>642</brx>
          <bry>1293</bry>
          <value></value>
          <label></label>
        </box>
        <box>
          <tlx>644</tlx>
          <tly>1199</tly>
          <brx>715</brx>
          <bry>1293</bry>
          <value></value>
          <label></label>
        </box>
        <box>
          <tlx>716</tlx>
          <tly>1199</tly>
          <brx>787</brx>
          <bry>1293</bry>
          <value></value>
          <label></label>
        </box>
        <box>
          <tlx>789</tlx>
          <tly>1199</tly>
          <brx>860</brx>
          <bry>1293</bry>
          <value></value>
          <label></label>
        </box>
        <box>
          <tlx>862</tlx>
          <tly>1199</tly>
          <brx>932</brx>
          <bry>1293</bry>
          <value></value>
          <label></label>
        </box>
        <box>
          <tlx>934</tlx>
          <tly>1199</tly>
          <brx>1005</brx>
          <bry>1293</bry>
          <value></value>
          <label></label>
        </box>
        <box>
          <tlx>1007</tlx>
          <tly>1199</tly>
          <brx>1078</brx>
          <bry>1293</bry>
          <value></value>
          <label></label>
        </box>
        <box>
          <tlx>1080</tlx>
          <tly>1199</tly>
          <brx>1150</brx>
          <bry>1293</bry>
          <value></value>
          <label></label>
        </box>
        <box>
          <tlx>1152</tlx>
          <tly>1199</tly>
          <brx>1223</brx>
          <bry>1293</bry>
          <value></value>
          <label></label>
        </box>
        <box>
          <tlx>1225</tlx>
          <tly>1199</tly>
          <brx>1296</brx>
          <bry>1293</bry>
          <value></value>
          <label></label>
        </box>
        <box>
          <tlx>1297</tlx>
          <tly>1199</tly>
          <brx>1368</brx>
          <bry>1293</bry>
          <value></value>
          <label></label>
        </box>
        <box>
          <tlx>1370</tlx>
          <tly>1199</tly>
          <brx>1441</brx>
          <bry>1293</bry>
          <value></value>
          <label></label>
        </box>
        <box>
          <tlx>1443</tlx>
          <tly>1199</tly>
          <brx>1514</brx>
          <bry>1293</bry>
          <value></value>
          <label></label>
        </box>
        <box>
          <tlx>1515</tlx>
          <tly>1199</tly>
          <brx>1586</brx>
          <bry>1293</bry>
          <value></value>
          <label></label>
        </box>
        <box>
          <tlx>1588</tlx>
          <tly>1199</tly>
          <brx>1659</brx>
          <bry>1293</bry>
          <value></value>
          <label></label>
        </box>
        <box>
          <tlx>1661</tlx>
          <tly>1199</tly>
          <brx>1731</brx>
          <bry>1293</bry>
          <value></value>
          <label></label>
        </box>
        <box>
          <tlx>1733</tlx>
          <tly>1199</tly>
          <brx>1804</brx>
          <bry>1293</bry>
          <value></value>
          <label></label>
        </box>
        <box>
          <tlx>1806</tlx>
          <tly>1199</tly>
          <brx>1877</brx>
          <bry>1293</bry>
          <value></value>
          <label></label>
        </box>
        <box>
          <tlx>1879</tlx>
          <tly>1199</tly>
          <brx>1949</brx>
          <bry>1293</bry>
          <value></value>
          <label></label>
        </box>
        <box>
          <tlx>1951</tlx>
          <tly>1199</tly>
          <brx>2022</brx>
          <bry>1293</bry>
          <value></value>
          <label></label>
        </box>
        <box>
          <tlx>2024</tlx>
          <tly>1199</tly>
          <brx>2095</brx>
          <bry>1293</bry>
          <value></value>
          <label></label>
        </box>
      </boxgroup>
      <boxgroup>
        <type>1</type>
        <width>1</width>
        <varname>55156X427X7173SQ001</varname>
        <sortorder>7</sortorder>
        <label>Do you know about open data and open data format? * : Open data</label>
        <groupsection idref="2"/>
        <box>
          <tlx>1600</tlx>
          <tly>1754</tly>
          <brx>1659</brx>
          <bry>1813</bry>
          <value>Y</value>
          <label>Yes</label>
        </box>
        <box>
          <tlx>1778</tlx>
          <tly>1754</tly>
          <brx>1837</brx>
          <bry>1813</bry>
          <value>U</value>
          <label>Uncertain</label>
        </box>
        <box>
          <tlx>1955</tlx>
          <tly>1754</tly>
          <brx>2014</brx>
          <bry>1813</bry>
          <value>N</value>
          <label>No</label>
        </box>
      </boxgroup>
      <boxgroup>
        <type>1</type>
        <width>1</width>
        <varname>55156X427X7173SQ002</varname>
        <sortorder>8</sortorder>
        <label>Do you know about open data and open data format? * : Open format</label>
        <groupsection idref="2"/>
        <box>
          <tlx>1600</tlx>
          <tly>1878</tly>
          <brx>1659</brx>
          <bry>1937</bry>
          <value>Y</value>
          <label>Yes</label>
        </box>
        <box>
          <tlx>1778</tlx>
          <tly>1878</tly>
          <brx>1837</brx>
          <bry>1937</bry>
          <value>U</value>
          <label>Uncertain</label>
        </box>
        <box>
          <tlx>1955</tlx>
          <tly>1878</tly>
          <brx>2014</brx>
          <bry>1937</bry>
          <value>N</value>
          <label>No</label>
        </box>
      </boxgroup>
      <boxgroup>
        <type>1</type>
        <width>1</width>
        <varname>55156X427X7174SQ001</varname>
        <sortorder>9</sortorder>
        <label>Do your company / sector use and/or release "open data"? : Use</label>
        <groupsection idref="2"/>
        <box>
          <tlx>1600</tlx>
          <tly>2195</tly>
          <brx>1659</brx>
          <bry>2254</bry>
          <value>Y</value>
          <label>Yes</label>
        </box>
        <box>
          <tlx>1778</tlx>
          <tly>2195</tly>
          <brx>1837</brx>
          <bry>2254</bry>
          <value>U</value>
          <label>Uncertain</label>
        </box>
        <box>
          <tlx>1955</tlx>
          <tly>2195</tly>
          <brx>2014</brx>
          <bry>2254</bry>
          <value>N</value>
          <label>No</label>
        </box>
      </boxgroup>
      <boxgroup>
        <type>1</type>
        <width>1</width>
        <varname>55156X427X7174SQ002</varname>
        <sortorder>10</sortorder>
        <label>Do your company / sector use and/or release "open data"? : publish / Offer</label>
        <groupsection idref="2"/>
        <box>
          <tlx>1600</tlx>
          <tly>2319</tly>
          <brx>1659</brx>
          <bry>2378</bry>
          <value>Y</value>
          <label>Yes</label>
        </box>
        <box>
          <tlx>1778</tlx>
          <tly>2319</tly>
          <brx>1837</brx>
          <bry>2378</bry>
          <value>U</value>
          <label>Uncertain</label>
        </box>
        <box>
          <tlx>1955</tlx>
          <tly>2319</tly>
          <brx>2014</brx>
          <bry>2378</bry>
          <value>N</value>
          <label>No</label>
        </box>
      </boxgroup>
      <boxgroup>
        <type>1</type>
        <width>1</width>
        <varname>55156X428X7175SQ001</varname>
        <sortorder>11</sortorder>
        <label>Do your company / sector use and/or offer "open data format"? : Use</label>
        <groupsection idref="3"/>
        <box>
          <tlx>1600</tlx>
          <tly>2848</tly>
          <brx>1659</brx>
          <bry>2907</bry>
          <value>Y</value>
          <label>Yes</label>
        </box>
        <box>
          <tlx>1778</tlx>
          <tly>2848</tly>
          <brx>1837</brx>
          <bry>2907</bry>
          <value>U</value>
          <label>Uncertain</label>
        </box>
        <box>
          <tlx>1955</tlx>
          <tly>2848</tly>
          <brx>2014</brx>
          <bry>2907</bry>
          <value>N</value>
          <label>No</label>
        </box>
      </boxgroup>
      <boxgroup>
        <type>1</type>
        <width>1</width>
        <varname>55156X428X7175SQ002</varname>
        <sortorder>12</sortorder>
        <label>Do your company / sector use and/or offer "open data format"? : Offer</label>
        <groupsection idref="3"/>
        <box>
          <tlx>1600</tlx>
          <tly>2972</tly>
          <brx>1659</brx>
          <bry>3031</bry>
          <value>Y</value>
          <label>Yes</label>
        </box>
        <box>
          <tlx>1778</tlx>
          <tly>2972</tly>
          <brx>1837</brx>
          <bry>3031</bry>
          <value>U</value>
          <label>Uncertain</label>
        </box>
        <box>
          <tlx>1955</tlx>
          <tly>2972</tly>
          <brx>2014</brx>
          <bry>3031</bry>
          <value>N</value>
          <label>No</label>
        </box>
      </boxgroup>
    </page>
    <page>
      <id>05515603</id>
      <tlx>168</tlx>
      <tly>168</tly>
      <trx>2312</trx>
      <try>168</try>
      <brx>2312</brx>
      <bry>3340</bry>
      <blx>168</blx>
      <bly>3340</bly>
      <rotation>0</rotation>
      <boxgroup>
        <type>1</type>
        <width>1</width>
        <varname>55156X429X7176SQ001</varname>
        <sortorder>13</sortorder>
        <label>During Your professional activities which of these data format uses? : Open data format (Libre Office, Open Office...)</label>
        <groupsection idref="4"/>
        <box>
          <tlx>1600</tlx>
          <tly>659</tly>
          <brx>1659</brx>
          <bry>719</bry>
          <value>Y</value>
          <label>Yes</label>
        </box>
        <box>
          <tlx>1778</tlx>
          <tly>659</tly>
          <brx>1837</brx>
          <bry>719</bry>
          <value>U</value>
          <label>Uncertain</label>
        </box>
        <box>
          <tlx>1955</tlx>
          <tly>659</tly>
          <brx>2014</brx>
          <bry>719</bry>
          <value>N</value>
          <label>No</label>
        </box>
      </boxgroup>
      <boxgroup>
        <type>1</type>
        <width>1</width>
        <varname>55156X429X7176SQ002</varname>
        <sortorder>14</sortorder>
        <label>During Your professional activities which of these data format uses? : CSV</label>
        <groupsection idref="4"/>
        <box>
          <tlx>1600</tlx>
          <tly>783</tly>
          <brx>1659</brx>
          <bry>843</bry>
          <value>Y</value>
          <label>Yes</label>
        </box>
        <box>
          <tlx>1778</tlx>
          <tly>783</tly>
          <brx>1837</brx>
          <bry>843</bry>
          <value>U</value>
          <label>Uncertain</label>
        </box>
        <box>
          <tlx>1955</tlx>
          <tly>783</tly>
          <brx>2014</brx>
          <bry>843</bry>
          <value>N</value>
          <label>No</label>
        </box>
      </boxgroup>
      <boxgroup>
        <type>1</type>
        <width>1</width>
        <varname>55156X429X7176SQ006</varname>
        <sortorder>15</sortorder>
        <label>During Your professional activities which of these data format uses? : GIS data (shapefile, Spatialite...)</label>
        <groupsection idref="4"/>
        <box>
          <tlx>1600</tlx>
          <tly>907</tly>
          <brx>1659</brx>
          <bry>967</bry>
          <value>Y</value>
          <label>Yes</label>
        </box>
        <box>
          <tlx>1778</tlx>
          <tly>907</tly>
          <brx>1837</brx>
          <bry>967</bry>
          <value>U</value>
          <label>Uncertain</label>
        </box>
        <box>
          <tlx>1955</tlx>
          <tly>907</tly>
          <brx>2014</brx>
          <bry>967</bry>
          <value>N</value>
          <label>No</label>
        </box>
      </boxgroup>
      <boxgroup>
        <type>1</type>
        <width>1</width>
        <varname>55156X429X7176SQ003</varname>
        <sortorder>16</sortorder>
        <label>During Your professional activities which of these data format uses? : TXT</label>
        <groupsection idref="4"/>
        <box>
          <tlx>1600</tlx>
          <tly>1031</tly>
          <brx>1659</brx>
          <bry>1091</bry>
          <value>Y</value>
          <label>Yes</label>
        </box>
        <box>
          <tlx>1778</tlx>
          <tly>1031</tly>
          <brx>1837</brx>
          <bry>1091</bry>
          <value>U</value>
          <label>Uncertain</label>
        </box>
        <box>
          <tlx>1955</tlx>
          <tly>1031</tly>
          <brx>2014</brx>
          <bry>1091</bry>
          <value>N</value>
          <label>No</label>
        </box>
      </boxgroup>
      <boxgroup>
        <type>1</type>
        <width>1</width>
        <varname>55156X429X7176SQ004</varname>
        <sortorder>17</sortorder>
        <label>During Your professional activities which of these data format uses? : XML</label>
        <groupsection idref="4"/>
        <box>
          <tlx>1600</tlx>
          <tly>1156</tly>
          <brx>1659</brx>
          <bry>1215</bry>
          <value>Y</value>
          <label>Yes</label>
        </box>
        <box>
          <tlx>1778</tlx>
          <tly>1156</tly>
          <brx>1837</brx>
          <bry>1215</bry>
          <value>U</value>
          <label>Uncertain</label>
        </box>
        <box>
          <tlx>1955</tlx>
          <tly>1156</tly>
          <brx>2014</brx>
          <bry>1215</bry>
          <value>N</value>
          <label>No</label>
        </box>
      </boxgroup>
      <boxgroup>
        <type>1</type>
        <width>1</width>
        <varname>55156X429X7176SQ005</varname>
        <sortorder>18</sortorder>
        <label>During Your professional activities which of these data format uses? : OTHER</label>
        <groupsection idref="4"/>
        <box>
          <tlx>1600</tlx>
          <tly>1280</tly>
          <brx>1659</brx>
          <bry>1339</bry>
          <value>Y</value>
          <label>Yes</label>
        </box>
        <box>
          <tlx>1778</tlx>
          <tly>1280</tly>
          <brx>1837</brx>
          <bry>1339</bry>
          <value>U</value>
          <label>Uncertain</label>
        </box>
        <box>
          <tlx>1955</tlx>
          <tly>1280</tly>
          <brx>2014</brx>
          <bry>1339</bry>
          <value>N</value>
          <label>No</label>
        </box>
      </boxgroup>
      <boxgroup>
        <type>6</type>
        <width>1024</width>
        <varname>55156X429X7188</varname>
        <sortorder>19</sortorder>
        <label>If you have selected "OTHER" please detail</label>
        <groupsection idref="4"/>
        <box>
          <tlx>360</tlx>
          <tly>1445</tly>
          <brx>2073</brx>
          <bry>1918</bry>
          <value></value>
          <label></label>
        </box>
      </boxgroup>
      <boxgroup>
        <type>1</type>
        <width>1</width>
        <varname>55156X429X7177SQ001</varname>
        <sortorder>20</sortorder>
        <label>In Your spare time which of these data format uses? : Open data format (Libre Office, Open Office...)</label>
        <groupsection idref="4"/>
        <box>
          <tlx>1600</tlx>
          <tly>2143</tly>
          <brx>1659</brx>
          <bry>2202</bry>
          <value>Y</value>
          <label>Yes</label>
        </box>
        <box>
          <tlx>1778</tlx>
          <tly>2143</tly>
          <brx>1837</brx>
          <bry>2202</bry>
          <value>U</value>
          <label>Uncertain</label>
        </box>
        <box>
          <tlx>1955</tlx>
          <tly>2143</tly>
          <brx>2014</brx>
          <bry>2202</bry>
          <value>N</value>
          <label>No</label>
        </box>
      </boxgroup>
      <boxgroup>
        <type>1</type>
        <width>1</width>
        <varname>55156X429X7177SQ002</varname>
        <sortorder>21</sortorder>
        <label>In Your spare time which of these data format uses? : CSV</label>
        <groupsection idref="4"/>
        <box>
          <tlx>1600</tlx>
          <tly>2267</tly>
          <brx>1659</brx>
          <bry>2326</bry>
          <value>Y</value>
          <label>Yes</label>
        </box>
        <box>
          <tlx>1778</tlx>
          <tly>2267</tly>
          <brx>1837</brx>
          <bry>2326</bry>
          <value>U</value>
          <label>Uncertain</label>
        </box>
        <box>
          <tlx>1955</tlx>
          <tly>2267</tly>
          <brx>2014</brx>
          <bry>2326</bry>
          <value>N</value>
          <label>No</label>
        </box>
      </boxgroup>
      <boxgroup>
        <type>1</type>
        <width>1</width>
        <varname>55156X429X7177SQ006</varname>
        <sortorder>22</sortorder>
        <label>In Your spare time which of these data format uses? : GIS data  (shapefile, Spatialite...)</label>
        <groupsection idref="4"/>
        <box>
          <tlx>1600</tlx>
          <tly>2391</tly>
          <brx>1659</brx>
          <bry>2450</bry>
          <value>Y</value>
          <label>Yes</label>
        </box>
        <box>
          <tlx>1778</tlx>
          <tly>2391</tly>
          <brx>1837</brx>
          <bry>2450</bry>
          <value>U</value>
          <label>Uncertain</label>
        </box>
        <box>
          <tlx>1955</tlx>
          <tly>2391</tly>
          <brx>2014</brx>
          <bry>2450</bry>
          <value>N</value>
          <label>No</label>
        </box>
      </boxgroup>
      <boxgroup>
        <type>1</type>
        <width>1</width>
        <varname>55156X429X7177SQ003</varname>
        <sortorder>23</sortorder>
        <label>In Your spare time which of these data format uses? : TXT</label>
        <groupsection idref="4"/>
        <box>
          <tlx>1600</tlx>
          <tly>2515</tly>
          <brx>1659</brx>
          <bry>2574</bry>
          <value>Y</value>
          <label>Yes</label>
        </box>
        <box>
          <tlx>1778</tlx>
          <tly>2515</tly>
          <brx>1837</brx>
          <bry>2574</bry>
          <value>U</value>
          <label>Uncertain</label>
        </box>
        <box>
          <tlx>1955</tlx>
          <tly>2515</tly>
          <brx>2014</brx>
          <bry>2574</bry>
          <value>N</value>
          <label>No</label>
        </box>
      </boxgroup>
      <boxgroup>
        <type>1</type>
        <width>1</width>
        <varname>55156X429X7177SQ004</varname>
        <sortorder>24</sortorder>
        <label>In Your spare time which of these data format uses? : XML</label>
        <groupsection idref="4"/>
        <box>
          <tlx>1600</tlx>
          <tly>2639</tly>
          <brx>1659</brx>
          <bry>2698</bry>
          <value>Y</value>
          <label>Yes</label>
        </box>
        <box>
          <tlx>1778</tlx>
          <tly>2639</tly>
          <brx>1837</brx>
          <bry>2698</bry>
          <value>U</value>
          <label>Uncertain</label>
        </box>
        <box>
          <tlx>1955</tlx>
          <tly>2639</tly>
          <brx>2014</brx>
          <bry>2698</bry>
          <value>N</value>
          <label>No</label>
        </box>
      </boxgroup>
      <boxgroup>
        <type>1</type>
        <width>1</width>
        <varname>55156X429X7177SQ005</varname>
        <sortorder>25</sortorder>
        <label>In Your spare time which of these data format uses? : OTHER</label>
        <groupsection idref="4"/>
        <box>
          <tlx>1600</tlx>
          <tly>2763</tly>
          <brx>1659</brx>
          <bry>2822</bry>
          <value>Y</value>
          <label>Yes</label>
        </box>
        <box>
          <tlx>1778</tlx>
          <tly>2763</tly>
          <brx>1837</brx>
          <bry>2822</bry>
          <value>U</value>
          <label>Uncertain</label>
        </box>
        <box>
          <tlx>1955</tlx>
          <tly>2763</tly>
          <brx>2014</brx>
          <bry>2822</bry>
          <value>N</value>
          <label>No</label>
        </box>
      </boxgroup>
    </page>
    <page>
      <id>05515604</id>
      <tlx>168</tlx>
      <tly>168</tly>
      <trx>2312</trx>
      <try>168</try>
      <brx>2312</brx>
      <bry>3340</bry>
      <blx>168</blx>
      <bly>3340</bly>
      <rotation>0</rotation>
      <boxgroup>
        <type>6</type>
        <width>1024</width>
        <varname>55156X429X7189</varname>
        <sortorder>26</sortorder>
        <label>If you have selected "OTHER" please detail</label>
        <groupsection idref="4"/>
        <box>
          <tlx>360</tlx>
          <tly>234</tly>
          <brx>2073</brx>
          <bry>706</bry>
          <value></value>
          <label></label>
        </box>
      </boxgroup>
      <boxgroup>
        <type>1</type>
        <width>1</width>
        <varname>55156X430X7178</varname>
        <sortorder>27</sortorder>
        <label>Doy You know about free software and/or open source? : </label>
        <groupsection idref="5"/>
        <box>
          <tlx>1984</tlx>
          <tly>1063</tly>
          <brx>2043</brx>
          <bry>1122</bry>
          <value>Y</value>
          <label>Yes</label>
        </box>
        <box>
          <tlx>1984</tlx>
          <tly>1169</tly>
          <brx>2043</brx>
          <bry>1228</bry>
          <value>N</value>
          <label>No</label>
        </box>
      </boxgroup>
      <boxgroup>
        <type>1</type>
        <width>1</width>
        <varname>55156X430X7179</varname>
        <sortorder>28</sortorder>
        <label>Do You Know about free license such as "Creative Commons" (CC), GNU Public License (GPL)....? : </label>
        <groupsection idref="5"/>
        <box>
          <tlx>1984</tlx>
          <tly>1537</tly>
          <brx>2043</brx>
          <bry>1596</bry>
          <value>Y</value>
          <label>Yes</label>
        </box>
        <box>
          <tlx>1984</tlx>
          <tly>1644</tly>
          <brx>2043</brx>
          <bry>1703</bry>
          <value>N</value>
          <label>No</label>
        </box>
      </boxgroup>
      <boxgroup>
        <type>1</type>
        <width>1</width>
        <varname>55156X431X7180SQ001</varname>
        <sortorder>29</sortorder>
        <label>In your company/sector, do you know about migration projects/initiative toward free and/or open source software? : I know</label>
        <groupsection idref="6"/>
        <box>
          <tlx>1600</tlx>
          <tly>2232</tly>
          <brx>1659</brx>
          <bry>2291</bry>
          <value>Y</value>
          <label>Yes</label>
        </box>
        <box>
          <tlx>1778</tlx>
          <tly>2232</tly>
          <brx>1837</brx>
          <bry>2291</bry>
          <value>U</value>
          <label>Uncertain</label>
        </box>
        <box>
          <tlx>1955</tlx>
          <tly>2232</tly>
          <brx>2014</brx>
          <bry>2291</bry>
          <value>N</value>
          <label>No</label>
        </box>
      </boxgroup>
      <boxgroup>
        <type>4</type>
        <width>10</width>
        <varname>55156X431X7181</varname>
        <sortorder>30</sortorder>
        <label>In your company/sector, can you estimate the percentage of PC using Free and/or Open Source software?</label>
        <groupsection idref="6"/>
        <box>
          <tlx>1370</tlx>
          <tly>2513</tly>
          <brx>1441</brx>
          <bry>2607</bry>
          <value></value>
          <label></label>
        </box>
        <box>
          <tlx>1443</tlx>
          <tly>2513</tly>
          <brx>1514</brx>
          <bry>2607</bry>
          <value></value>
          <label></label>
        </box>
        <box>
          <tlx>1515</tlx>
          <tly>2513</tly>
          <brx>1586</brx>
          <bry>2607</bry>
          <value></value>
          <label></label>
        </box>
        <box>
          <tlx>1588</tlx>
          <tly>2513</tly>
          <brx>1659</brx>
          <bry>2607</bry>
          <value></value>
          <label></label>
        </box>
        <box>
          <tlx>1661</tlx>
          <tly>2513</tly>
          <brx>1731</brx>
          <bry>2607</bry>
          <value></value>
          <label></label>
        </box>
        <box>
          <tlx>1733</tlx>
          <tly>2513</tly>
          <brx>1804</brx>
          <bry>2607</bry>
          <value></value>
          <label></label>
        </box>
        <box>
          <tlx>1806</tlx>
          <tly>2513</tly>
          <brx>1877</brx>
          <bry>2607</bry>
          <value></value>
          <label></label>
        </box>
        <box>
          <tlx>1879</tlx>
          <tly>2513</tly>
          <brx>1949</brx>
          <bry>2607</bry>
          <value></value>
          <label></label>
        </box>
        <box>
          <tlx>1951</tlx>
          <tly>2513</tly>
          <brx>2022</brx>
          <bry>2607</bry>
          <value></value>
          <label></label>
        </box>
        <box>
          <tlx>2024</tlx>
          <tly>2513</tly>
          <brx>2095</brx>
          <bry>2607</bry>
          <value></value>
          <label></label>
        </box>
      </boxgroup>
    </page>
    <page>
      <id>05515605</id>
      <tlx>168</tlx>
      <tly>168</tly>
      <trx>2312</trx>
      <try>168</try>
      <brx>2312</brx>
      <bry>3340</bry>
      <blx>168</blx>
      <bly>3340</bly>
      <rotation>0</rotation>
      <boxgroup>
        <type>1</type>
        <width>1</width>
        <varname>55156X432X7182SQ018</varname>
        <sortorder>31</sortorder>
        <label>&lt;p&gt;
	What are the areas of most interest or usage?&lt;/p&gt;
&lt;p&gt;
	(it is possible to give more answers)&lt;/p&gt; : </label>
        <groupsection idref="7"/>
        <box>
          <tlx>1984</tlx>
          <tly>595</tly>
          <brx>2043</brx>
          <bry>654</bry>
          <value>1</value>
          <label>Audio / Video / multimedia</label>
        </box>
      </boxgroup>
      <boxgroup>
        <type>1</type>
        <width>1</width>
        <varname>55156X432X7182SQ015</varname>
        <sortorder>32</sortorder>
        <label>&lt;p&gt;
	What are the areas of most interest or usage?&lt;/p&gt;
&lt;p&gt;
	(it is possible to give more answers)&lt;/p&gt; : </label>
        <groupsection idref="7"/>
        <box>
          <tlx>1984</tlx>
          <tly>701</tly>
          <brx>2043</brx>
          <bry>760</bry>
          <value>1</value>
          <label>Building Information Modeling (BIM)</label>
        </box>
      </boxgroup>
      <boxgroup>
        <type>1</type>
        <width>1</width>
        <varname>55156X432X7182SQ001</varname>
        <sortorder>33</sortorder>
        <label>&lt;p&gt;
	What are the areas of most interest or usage?&lt;/p&gt;
&lt;p&gt;
	(it is possible to give more answers)&lt;/p&gt; : </label>
        <groupsection idref="7"/>
        <box>
          <tlx>1984</tlx>
          <tly>808</tly>
          <brx>2043</brx>
          <bry>867</bry>
          <value>1</value>
          <label>Computer-Aided Design (CAD)</label>
        </box>
      </boxgroup>
      <boxgroup>
        <type>1</type>
        <width>1</width>
        <varname>55156X432X7182SQ016</varname>
        <sortorder>34</sortorder>
        <label>&lt;p&gt;
	What are the areas of most interest or usage?&lt;/p&gt;
&lt;p&gt;
	(it is possible to give more answers)&lt;/p&gt; : </label>
        <groupsection idref="7"/>
        <box>
          <tlx>1984</tlx>
          <tly>914</tly>
          <brx>2043</brx>
          <bry>973</bry>
          <value>1</value>
          <label>Computer-Aided Energy Management (CAEM)</label>
        </box>
      </boxgroup>
      <boxgroup>
        <type>1</type>
        <width>1</width>
        <varname>55156X432X7182SQ013</varname>
        <sortorder>35</sortorder>
        <label>&lt;p&gt;
	What are the areas of most interest or usage?&lt;/p&gt;
&lt;p&gt;
	(it is possible to give more answers)&lt;/p&gt; : </label>
        <groupsection idref="7"/>
        <box>
          <tlx>1984</tlx>
          <tly>1020</tly>
          <brx>2043</brx>
          <bry>1079</bry>
          <value>1</value>
          <label>Computer-Aided Engineering (CAE)</label>
        </box>
      </boxgroup>
      <boxgroup>
        <type>1</type>
        <width>1</width>
        <varname>55156X432X7182SQ010</varname>
        <sortorder>36</sortorder>
        <label>&lt;p&gt;
	What are the areas of most interest or usage?&lt;/p&gt;
&lt;p&gt;
	(it is possible to give more answers)&lt;/p&gt; : </label>
        <groupsection idref="7"/>
        <box>
          <tlx>1984</tlx>
          <tly>1126</tly>
          <brx>2043</brx>
          <bry>1186</bry>
          <value>1</value>
          <label>CMS (Content Management System)</label>
        </box>
      </boxgroup>
      <boxgroup>
        <type>1</type>
        <width>1</width>
        <varname>55156X432X7182SQ002</varname>
        <sortorder>37</sortorder>
        <label>&lt;p&gt;
	What are the areas of most interest or usage?&lt;/p&gt;
&lt;p&gt;
	(it is possible to give more answers)&lt;/p&gt; : </label>
        <groupsection idref="7"/>
        <box>
          <tlx>1984</tlx>
          <tly>1233</tly>
          <brx>2043</brx>
          <bry>1292</bry>
          <value>1</value>
          <label>Database (DB, RDBMS...)</label>
        </box>
      </boxgroup>
      <boxgroup>
        <type>1</type>
        <width>1</width>
        <varname>55156X432X7182SQ003</varname>
        <sortorder>38</sortorder>
        <label>&lt;p&gt;
	What are the areas of most interest or usage?&lt;/p&gt;
&lt;p&gt;
	(it is possible to give more answers)&lt;/p&gt; : </label>
        <groupsection idref="7"/>
        <box>
          <tlx>1984</tlx>
          <tly>1339</tly>
          <brx>2043</brx>
          <bry>1398</bry>
          <value>1</value>
          <label>Data Mining</label>
        </box>
      </boxgroup>
      <boxgroup>
        <type>1</type>
        <width>1</width>
        <varname>55156X432X7182SQ004</varname>
        <sortorder>39</sortorder>
        <label>&lt;p&gt;
	What are the areas of most interest or usage?&lt;/p&gt;
&lt;p&gt;
	(it is possible to give more answers)&lt;/p&gt; : </label>
        <groupsection idref="7"/>
        <box>
          <tlx>1984</tlx>
          <tly>1445</tly>
          <brx>2043</brx>
          <bry>1504</bry>
          <value>1</value>
          <label>Geographic Information System (G.I.S.)</label>
        </box>
      </boxgroup>
      <boxgroup>
        <type>1</type>
        <width>1</width>
        <varname>55156X432X7182SQ012</varname>
        <sortorder>40</sortorder>
        <label>&lt;p&gt;
	What are the areas of most interest or usage?&lt;/p&gt;
&lt;p&gt;
	(it is possible to give more answers)&lt;/p&gt; : </label>
        <groupsection idref="7"/>
        <box>
          <tlx>1984</tlx>
          <tly>1552</tly>
          <brx>2043</brx>
          <bry>1611</bry>
          <value>1</value>
          <label>Vector graphic</label>
        </box>
      </boxgroup>
      <boxgroup>
        <type>1</type>
        <width>1</width>
        <varname>55156X432X7182SQ017</varname>
        <sortorder>41</sortorder>
        <label>&lt;p&gt;
	What are the areas of most interest or usage?&lt;/p&gt;
&lt;p&gt;
	(it is possible to give more answers)&lt;/p&gt; : </label>
        <groupsection idref="7"/>
        <box>
          <tlx>1984</tlx>
          <tly>1658</tly>
          <brx>2043</brx>
          <bry>1717</bry>
          <value>1</value>
          <label>Information and Communications Technologies (ICT)</label>
        </box>
      </boxgroup>
      <boxgroup>
        <type>1</type>
        <width>1</width>
        <varname>55156X432X7182SQ005</varname>
        <sortorder>42</sortorder>
        <label>&lt;p&gt;
	What are the areas of most interest or usage?&lt;/p&gt;
&lt;p&gt;
	(it is possible to give more answers)&lt;/p&gt; : </label>
        <groupsection idref="7"/>
        <box>
          <tlx>1984</tlx>
          <tly>1764</tly>
          <brx>2043</brx>
          <bry>1823</bry>
          <value>1</value>
          <label>Programming languages / development environment / IDE...</label>
        </box>
      </boxgroup>
      <boxgroup>
        <type>1</type>
        <width>1</width>
        <varname>55156X432X7182SQ006</varname>
        <sortorder>43</sortorder>
        <label>&lt;p&gt;
	What are the areas of most interest or usage?&lt;/p&gt;
&lt;p&gt;
	(it is possible to give more answers)&lt;/p&gt; : </label>
        <groupsection idref="7"/>
        <box>
          <tlx>1984</tlx>
          <tly>1871</tly>
          <brx>2043</brx>
          <bry>1930</bry>
          <value>1</value>
          <label>E-mail</label>
        </box>
      </boxgroup>
      <boxgroup>
        <type>1</type>
        <width>1</width>
        <varname>55156X432X7182SQ007</varname>
        <sortorder>44</sortorder>
        <label>&lt;p&gt;
	What are the areas of most interest or usage?&lt;/p&gt;
&lt;p&gt;
	(it is possible to give more answers)&lt;/p&gt; : </label>
        <groupsection idref="7"/>
        <box>
          <tlx>1984</tlx>
          <tly>1977</tly>
          <brx>2043</brx>
          <bry>2036</bry>
          <value>1</value>
          <label>Office Automation</label>
        </box>
      </boxgroup>
      <boxgroup>
        <type>1</type>
        <width>1</width>
        <varname>55156X432X7182SQ011</varname>
        <sortorder>45</sortorder>
        <label>&lt;p&gt;
	What are the areas of most interest or usage?&lt;/p&gt;
&lt;p&gt;
	(it is possible to give more answers)&lt;/p&gt; : </label>
        <groupsection idref="7"/>
        <box>
          <tlx>1984</tlx>
          <tly>2083</tly>
          <brx>2043</brx>
          <bry>2142</bry>
          <value>1</value>
          <label>Rendering, 3D Modeling</label>
        </box>
      </boxgroup>
      <boxgroup>
        <type>1</type>
        <width>1</width>
        <varname>55156X432X7182SQ008</varname>
        <sortorder>46</sortorder>
        <label>&lt;p&gt;
	What are the areas of most interest or usage?&lt;/p&gt;
&lt;p&gt;
	(it is possible to give more answers)&lt;/p&gt; : </label>
        <groupsection idref="7"/>
        <box>
          <tlx>1984</tlx>
          <tly>2189</tly>
          <brx>2043</brx>
          <bry>2249</bry>
          <value>1</value>
          <label>Operating system (Client/Server)</label>
        </box>
      </boxgroup>
      <boxgroup>
        <type>1</type>
        <width>1</width>
        <varname>55156X432X7182SQ014</varname>
        <sortorder>47</sortorder>
        <label>&lt;p&gt;
	What are the areas of most interest or usage?&lt;/p&gt;
&lt;p&gt;
	(it is possible to give more answers)&lt;/p&gt; : </label>
        <groupsection idref="7"/>
        <box>
          <tlx>1984</tlx>
          <tly>2296</tly>
          <brx>2043</brx>
          <bry>2355</bry>
          <value>1</value>
          <label>Transport Simulation Systems (TSS)</label>
        </box>
      </boxgroup>
      <boxgroup>
        <type>1</type>
        <width>1</width>
        <varname>55156X432X7182SQ009</varname>
        <sortorder>48</sortorder>
        <label>&lt;p&gt;
	What are the areas of most interest or usage?&lt;/p&gt;
&lt;p&gt;
	(it is possible to give more answers)&lt;/p&gt; : </label>
        <groupsection idref="7"/>
        <box>
          <tlx>1984</tlx>
          <tly>2402</tly>
          <brx>2043</brx>
          <bry>2461</bry>
          <value>1</value>
          <label>Image editing</label>
        </box>
      </boxgroup>
      <boxgroup>
        <type>1</type>
        <width>1</width>
        <varname>55156X432X7182T</varname>
        <sortorder>49</sortorder>
        <label>&lt;p&gt;
	What are the areas of most interest or usage?&lt;/p&gt;
&lt;p&gt;
	(it is possible to give more answers)&lt;/p&gt; : </label>
        <groupsection idref="7"/>
        <box>
          <tlx>1984</tlx>
          <tly>2485</tly>
          <brx>2043</brx>
          <bry>2544</bry>
          <value>1</value>
          <label>Other</label>
        </box>
      </boxgroup>
      <boxgroup>
        <type>3</type>
        <width>24</width>
        <varname>55156X432X7182other</varname>
        <sortorder>50</sortorder>
        <label>Other</label>
        <groupsection idref="7"/>
        <box>
          <tlx>353</tlx>
          <tly>2654</tly>
          <brx>424</brx>
          <bry>2748</bry>
          <value></value>
          <label></label>
        </box>
        <box>
          <tlx>426</tlx>
          <tly>2654</tly>
          <brx>497</brx>
          <bry>2748</bry>
          <value></value>
          <label></label>
        </box>
        <box>
          <tlx>498</tlx>
          <tly>2654</tly>
          <brx>569</brx>
          <bry>2748</bry>
          <value></value>
          <label></label>
        </box>
        <box>
          <tlx>571</tlx>
          <tly>2654</tly>
          <brx>642</brx>
          <bry>2748</bry>
          <value></value>
          <label></label>
        </box>
        <box>
          <tlx>644</tlx>
          <tly>2654</tly>
          <brx>715</brx>
          <bry>2748</bry>
          <value></value>
          <label></label>
        </box>
        <box>
          <tlx>716</tlx>
          <tly>2654</tly>
          <brx>787</brx>
          <bry>2748</bry>
          <value></value>
          <label></label>
        </box>
        <box>
          <tlx>789</tlx>
          <tly>2654</tly>
          <brx>860</brx>
          <bry>2748</bry>
          <value></value>
          <label></label>
        </box>
        <box>
          <tlx>862</tlx>
          <tly>2654</tly>
          <brx>932</brx>
          <bry>2748</bry>
          <value></value>
          <label></label>
        </box>
        <box>
          <tlx>934</tlx>
          <tly>2654</tly>
          <brx>1005</brx>
          <bry>2748</bry>
          <value></value>
          <label></label>
        </box>
        <box>
          <tlx>1007</tlx>
          <tly>2654</tly>
          <brx>1078</brx>
          <bry>2748</bry>
          <value></value>
          <label></label>
        </box>
        <box>
          <tlx>1080</tlx>
          <tly>2654</tly>
          <brx>1150</brx>
          <bry>2748</bry>
          <value></value>
          <label></label>
        </box>
        <box>
          <tlx>1152</tlx>
          <tly>2654</tly>
          <brx>1223</brx>
          <bry>2748</bry>
          <value></value>
          <label></label>
        </box>
        <box>
          <tlx>1225</tlx>
          <tly>2654</tly>
          <brx>1296</brx>
          <bry>2748</bry>
          <value></value>
          <label></label>
        </box>
        <box>
          <tlx>1297</tlx>
          <tly>2654</tly>
          <brx>1368</brx>
          <bry>2748</bry>
          <value></value>
          <label></label>
        </box>
        <box>
          <tlx>1370</tlx>
          <tly>2654</tly>
          <brx>1441</brx>
          <bry>2748</bry>
          <value></value>
          <label></label>
        </box>
        <box>
          <tlx>1443</tlx>
          <tly>2654</tly>
          <brx>1514</brx>
          <bry>2748</bry>
          <value></value>
          <label></label>
        </box>
        <box>
          <tlx>1515</tlx>
          <tly>2654</tly>
          <brx>1586</brx>
          <bry>2748</bry>
          <value></value>
          <label></label>
        </box>
        <box>
          <tlx>1588</tlx>
          <tly>2654</tly>
          <brx>1659</brx>
          <bry>2748</bry>
          <value></value>
          <label></label>
        </box>
        <box>
          <tlx>1661</tlx>
          <tly>2654</tly>
          <brx>1731</brx>
          <bry>2748</bry>
          <value></value>
          <label></label>
        </box>
        <box>
          <tlx>1733</tlx>
          <tly>2654</tly>
          <brx>1804</brx>
          <bry>2748</bry>
          <value></value>
          <label></label>
        </box>
        <box>
          <tlx>1806</tlx>
          <tly>2654</tly>
          <brx>1877</brx>
          <bry>2748</bry>
          <value></value>
          <label></label>
        </box>
        <box>
          <tlx>1879</tlx>
          <tly>2654</tly>
          <brx>1949</brx>
          <bry>2748</bry>
          <value></value>
          <label></label>
        </box>
        <box>
          <tlx>1951</tlx>
          <tly>2654</tly>
          <brx>2022</brx>
          <bry>2748</bry>
          <value></value>
          <label></label>
        </box>
        <box>
          <tlx>2024</tlx>
          <tly>2654</tly>
          <brx>2095</brx>
          <bry>2748</bry>
          <value></value>
          <label></label>
        </box>
      </boxgroup>
    </page>
    <page>
      <id>05515606</id>
      <tlx>168</tlx>
      <tly>168</tly>
      <trx>2312</trx>
      <try>168</try>
      <brx>2312</brx>
      <bry>3340</bry>
      <blx>168</blx>
      <bly>3340</bly>
      <rotation>0</rotation>
      <boxgroup>
        <type>1</type>
        <width>2</width>
        <varname>55156X433X7183SQ001</varname>
        <sortorder>51</sortorder>
        <label>What tools and/or software do you use most frequently? : Libre Office</label>
        <groupsection idref="8"/>
        <box>
          <tlx>1423</tlx>
          <tly>597</tly>
          <brx>1482</brx>
          <bry>656</bry>
          <value>A1</value>
          <label>Professional use</label>
        </box>
        <box>
          <tlx>1600</tlx>
          <tly>597</tly>
          <brx>1659</brx>
          <bry>656</bry>
          <value>A2</value>
          <label>Personal use</label>
        </box>
        <box>
          <tlx>1778</tlx>
          <tly>597</tly>
          <brx>1837</brx>
          <bry>656</bry>
          <value>A3</value>
          <label>I know / I have heard to talk about it / I ave read about it</label>
        </box>
        <box>
          <tlx>1955</tlx>
          <tly>597</tly>
          <brx>2014</brx>
          <bry>656</bry>
          <value>A4</value>
          <label>I don't use</label>
        </box>
      </boxgroup>
      <boxgroup>
        <type>1</type>
        <width>2</width>
        <varname>55156X433X7183SQ002</varname>
        <sortorder>52</sortorder>
        <label>What tools and/or software do you use most frequently? : Open Office</label>
        <groupsection idref="8"/>
        <box>
          <tlx>1423</tlx>
          <tly>721</tly>
          <brx>1482</brx>
          <bry>780</bry>
          <value>A1</value>
          <label>Professional use</label>
        </box>
        <box>
          <tlx>1600</tlx>
          <tly>721</tly>
          <brx>1659</brx>
          <bry>780</bry>
          <value>A2</value>
          <label>Personal use</label>
        </box>
        <box>
          <tlx>1778</tlx>
          <tly>721</tly>
          <brx>1837</brx>
          <bry>780</bry>
          <value>A3</value>
          <label>I know / I have heard to talk about it / I ave read about it</label>
        </box>
        <box>
          <tlx>1955</tlx>
          <tly>721</tly>
          <brx>2014</brx>
          <bry>780</bry>
          <value>A4</value>
          <label>I don't use</label>
        </box>
      </boxgroup>
      <boxgroup>
        <type>1</type>
        <width>2</width>
        <varname>55156X433X7183SQ003</varname>
        <sortorder>53</sortorder>
        <label>What tools and/or software do you use most frequently? : E-mail</label>
        <groupsection idref="8"/>
        <box>
          <tlx>1423</tlx>
          <tly>845</tly>
          <brx>1482</brx>
          <bry>904</bry>
          <value>A1</value>
          <label>Professional use</label>
        </box>
        <box>
          <tlx>1600</tlx>
          <tly>845</tly>
          <brx>1659</brx>
          <bry>904</bry>
          <value>A2</value>
          <label>Personal use</label>
        </box>
        <box>
          <tlx>1778</tlx>
          <tly>845</tly>
          <brx>1837</brx>
          <bry>904</bry>
          <value>A3</value>
          <label>I know / I have heard to talk about it / I ave read about it</label>
        </box>
        <box>
          <tlx>1955</tlx>
          <tly>845</tly>
          <brx>2014</brx>
          <bry>904</bry>
          <value>A4</value>
          <label>I don't use</label>
        </box>
      </boxgroup>
      <boxgroup>
        <type>1</type>
        <width>2</width>
        <varname>55156X433X7183SQ004</varname>
        <sortorder>54</sortorder>
        <label>What tools and/or software do you use most frequently? : Gimp</label>
        <groupsection idref="8"/>
        <box>
          <tlx>1423</tlx>
          <tly>969</tly>
          <brx>1482</brx>
          <bry>1028</bry>
          <value>A1</value>
          <label>Professional use</label>
        </box>
        <box>
          <tlx>1600</tlx>
          <tly>969</tly>
          <brx>1659</brx>
          <bry>1028</bry>
          <value>A2</value>
          <label>Personal use</label>
        </box>
        <box>
          <tlx>1778</tlx>
          <tly>969</tly>
          <brx>1837</brx>
          <bry>1028</bry>
          <value>A3</value>
          <label>I know / I have heard to talk about it / I ave read about it</label>
        </box>
        <box>
          <tlx>1955</tlx>
          <tly>969</tly>
          <brx>2014</brx>
          <bry>1028</bry>
          <value>A4</value>
          <label>I don't use</label>
        </box>
      </boxgroup>
      <boxgroup>
        <type>1</type>
        <width>2</width>
        <varname>55156X433X7183SQ005</varname>
        <sortorder>55</sortorder>
        <label>What tools and/or software do you use most frequently? : Inkscape</label>
        <groupsection idref="8"/>
        <box>
          <tlx>1423</tlx>
          <tly>1093</tly>
          <brx>1482</brx>
          <bry>1152</bry>
          <value>A1</value>
          <label>Professional use</label>
        </box>
        <box>
          <tlx>1600</tlx>
          <tly>1093</tly>
          <brx>1659</brx>
          <bry>1152</bry>
          <value>A2</value>
          <label>Personal use</label>
        </box>
        <box>
          <tlx>1778</tlx>
          <tly>1093</tly>
          <brx>1837</brx>
          <bry>1152</bry>
          <value>A3</value>
          <label>I know / I have heard to talk about it / I ave read about it</label>
        </box>
        <box>
          <tlx>1955</tlx>
          <tly>1093</tly>
          <brx>2014</brx>
          <bry>1152</bry>
          <value>A4</value>
          <label>I don't use</label>
        </box>
      </boxgroup>
      <boxgroup>
        <type>1</type>
        <width>2</width>
        <varname>55156X433X7183SQ006</varname>
        <sortorder>56</sortorder>
        <label>What tools and/or software do you use most frequently? : Scribus</label>
        <groupsection idref="8"/>
        <box>
          <tlx>1423</tlx>
          <tly>1217</tly>
          <brx>1482</brx>
          <bry>1276</bry>
          <value>A1</value>
          <label>Professional use</label>
        </box>
        <box>
          <tlx>1600</tlx>
          <tly>1217</tly>
          <brx>1659</brx>
          <bry>1276</bry>
          <value>A2</value>
          <label>Personal use</label>
        </box>
        <box>
          <tlx>1778</tlx>
          <tly>1217</tly>
          <brx>1837</brx>
          <bry>1276</bry>
          <value>A3</value>
          <label>I know / I have heard to talk about it / I ave read about it</label>
        </box>
        <box>
          <tlx>1955</tlx>
          <tly>1217</tly>
          <brx>2014</brx>
          <bry>1276</bry>
          <value>A4</value>
          <label>I don't use</label>
        </box>
      </boxgroup>
      <boxgroup>
        <type>1</type>
        <width>2</width>
        <varname>55156X433X7183SQ007</varname>
        <sortorder>57</sortorder>
        <label>What tools and/or software do you use most frequently? : QGIS</label>
        <groupsection idref="8"/>
        <box>
          <tlx>1423</tlx>
          <tly>1341</tly>
          <brx>1482</brx>
          <bry>1400</bry>
          <value>A1</value>
          <label>Professional use</label>
        </box>
        <box>
          <tlx>1600</tlx>
          <tly>1341</tly>
          <brx>1659</brx>
          <bry>1400</bry>
          <value>A2</value>
          <label>Personal use</label>
        </box>
        <box>
          <tlx>1778</tlx>
          <tly>1341</tly>
          <brx>1837</brx>
          <bry>1400</bry>
          <value>A3</value>
          <label>I know / I have heard to talk about it / I ave read about it</label>
        </box>
        <box>
          <tlx>1955</tlx>
          <tly>1341</tly>
          <brx>2014</brx>
          <bry>1400</bry>
          <value>A4</value>
          <label>I don't use</label>
        </box>
      </boxgroup>
      <boxgroup>
        <type>1</type>
        <width>2</width>
        <varname>55156X433X7183SQ008</varname>
        <sortorder>58</sortorder>
        <label>What tools and/or software do you use most frequently? : GRASS GIS</label>
        <groupsection idref="8"/>
        <box>
          <tlx>1423</tlx>
          <tly>1465</tly>
          <brx>1482</brx>
          <bry>1524</bry>
          <value>A1</value>
          <label>Professional use</label>
        </box>
        <box>
          <tlx>1600</tlx>
          <tly>1465</tly>
          <brx>1659</brx>
          <bry>1524</bry>
          <value>A2</value>
          <label>Personal use</label>
        </box>
        <box>
          <tlx>1778</tlx>
          <tly>1465</tly>
          <brx>1837</brx>
          <bry>1524</bry>
          <value>A3</value>
          <label>I know / I have heard to talk about it / I ave read about it</label>
        </box>
        <box>
          <tlx>1955</tlx>
          <tly>1465</tly>
          <brx>2014</brx>
          <bry>1524</bry>
          <value>A4</value>
          <label>I don't use</label>
        </box>
      </boxgroup>
      <boxgroup>
        <type>1</type>
        <width>2</width>
        <varname>55156X433X7183SQ009</varname>
        <sortorder>59</sortorder>
        <label>What tools and/or software do you use most frequently? : Other GIS</label>
        <groupsection idref="8"/>
        <box>
          <tlx>1423</tlx>
          <tly>1589</tly>
          <brx>1482</brx>
          <bry>1648</bry>
          <value>A1</value>
          <label>Professional use</label>
        </box>
        <box>
          <tlx>1600</tlx>
          <tly>1589</tly>
          <brx>1659</brx>
          <bry>1648</bry>
          <value>A2</value>
          <label>Personal use</label>
        </box>
        <box>
          <tlx>1778</tlx>
          <tly>1589</tly>
          <brx>1837</brx>
          <bry>1648</bry>
          <value>A3</value>
          <label>I know / I have heard to talk about it / I ave read about it</label>
        </box>
        <box>
          <tlx>1955</tlx>
          <tly>1589</tly>
          <brx>2014</brx>
          <bry>1648</bry>
          <value>A4</value>
          <label>I don't use</label>
        </box>
      </boxgroup>
      <boxgroup>
        <type>1</type>
        <width>2</width>
        <varname>55156X433X7183SQ010</varname>
        <sortorder>60</sortorder>
        <label>What tools and/or software do you use most frequently? : Linux (any distro)</label>
        <groupsection idref="8"/>
        <box>
          <tlx>1423</tlx>
          <tly>1713</tly>
          <brx>1482</brx>
          <bry>1772</bry>
          <value>A1</value>
          <label>Professional use</label>
        </box>
        <box>
          <tlx>1600</tlx>
          <tly>1713</tly>
          <brx>1659</brx>
          <bry>1772</bry>
          <value>A2</value>
          <label>Personal use</label>
        </box>
        <box>
          <tlx>1778</tlx>
          <tly>1713</tly>
          <brx>1837</brx>
          <bry>1772</bry>
          <value>A3</value>
          <label>I know / I have heard to talk about it / I ave read about it</label>
        </box>
        <box>
          <tlx>1955</tlx>
          <tly>1713</tly>
          <brx>2014</brx>
          <bry>1772</bry>
          <value>A4</value>
          <label>I don't use</label>
        </box>
      </boxgroup>
      <boxgroup>
        <type>1</type>
        <width>2</width>
        <varname>55156X433X7183SQ011</varname>
        <sortorder>61</sortorder>
        <label>What tools and/or software do you use most frequently? : Linux Server (any distro)</label>
        <groupsection idref="8"/>
        <box>
          <tlx>1423</tlx>
          <tly>1837</tly>
          <brx>1482</brx>
          <bry>1896</bry>
          <value>A1</value>
          <label>Professional use</label>
        </box>
        <box>
          <tlx>1600</tlx>
          <tly>1837</tly>
          <brx>1659</brx>
          <bry>1896</bry>
          <value>A2</value>
          <label>Personal use</label>
        </box>
        <box>
          <tlx>1778</tlx>
          <tly>1837</tly>
          <brx>1837</brx>
          <bry>1896</bry>
          <value>A3</value>
          <label>I know / I have heard to talk about it / I ave read about it</label>
        </box>
        <box>
          <tlx>1955</tlx>
          <tly>1837</tly>
          <brx>2014</brx>
          <bry>1896</bry>
          <value>A4</value>
          <label>I don't use</label>
        </box>
      </boxgroup>
      <boxgroup>
        <type>1</type>
        <width>2</width>
        <varname>55156X433X7183SQ012</varname>
        <sortorder>62</sortorder>
        <label>What tools and/or software do you use most frequently? : PostgreSQL</label>
        <groupsection idref="8"/>
        <box>
          <tlx>1423</tlx>
          <tly>1961</tly>
          <brx>1482</brx>
          <bry>2020</bry>
          <value>A1</value>
          <label>Professional use</label>
        </box>
        <box>
          <tlx>1600</tlx>
          <tly>1961</tly>
          <brx>1659</brx>
          <bry>2020</bry>
          <value>A2</value>
          <label>Personal use</label>
        </box>
        <box>
          <tlx>1778</tlx>
          <tly>1961</tly>
          <brx>1837</brx>
          <bry>2020</bry>
          <value>A3</value>
          <label>I know / I have heard to talk about it / I ave read about it</label>
        </box>
        <box>
          <tlx>1955</tlx>
          <tly>1961</tly>
          <brx>2014</brx>
          <bry>2020</bry>
          <value>A4</value>
          <label>I don't use</label>
        </box>
      </boxgroup>
      <boxgroup>
        <type>1</type>
        <width>2</width>
        <varname>55156X433X7183SQ013</varname>
        <sortorder>63</sortorder>
        <label>What tools and/or software do you use most frequently? : MySQL</label>
        <groupsection idref="8"/>
        <box>
          <tlx>1423</tlx>
          <tly>2085</tly>
          <brx>1482</brx>
          <bry>2144</bry>
          <value>A1</value>
          <label>Professional use</label>
        </box>
        <box>
          <tlx>1600</tlx>
          <tly>2085</tly>
          <brx>1659</brx>
          <bry>2144</bry>
          <value>A2</value>
          <label>Personal use</label>
        </box>
        <box>
          <tlx>1778</tlx>
          <tly>2085</tly>
          <brx>1837</brx>
          <bry>2144</bry>
          <value>A3</value>
          <label>I know / I have heard to talk about it / I ave read about it</label>
        </box>
        <box>
          <tlx>1955</tlx>
          <tly>2085</tly>
          <brx>2014</brx>
          <bry>2144</bry>
          <value>A4</value>
          <label>I don't use</label>
        </box>
      </boxgroup>
      <boxgroup>
        <type>1</type>
        <width>2</width>
        <varname>55156X433X7183SQ014</varname>
        <sortorder>64</sortorder>
        <label>What tools and/or software do you use most frequently? : CMS</label>
        <groupsection idref="8"/>
        <box>
          <tlx>1423</tlx>
          <tly>2209</tly>
          <brx>1482</brx>
          <bry>2268</bry>
          <value>A1</value>
          <label>Professional use</label>
        </box>
        <box>
          <tlx>1600</tlx>
          <tly>2209</tly>
          <brx>1659</brx>
          <bry>2268</bry>
          <value>A2</value>
          <label>Personal use</label>
        </box>
        <box>
          <tlx>1778</tlx>
          <tly>2209</tly>
          <brx>1837</brx>
          <bry>2268</bry>
          <value>A3</value>
          <label>I know / I have heard to talk about it / I ave read about it</label>
        </box>
        <box>
          <tlx>1955</tlx>
          <tly>2209</tly>
          <brx>2014</brx>
          <bry>2268</bry>
          <value>A4</value>
          <label>I don't use</label>
        </box>
      </boxgroup>
      <boxgroup>
        <type>1</type>
        <width>2</width>
        <varname>55156X433X7183SQ015</varname>
        <sortorder>65</sortorder>
        <label>What tools and/or software do you use most frequently? : Programming languages / development environment / IDE...</label>
        <groupsection idref="8"/>
        <box>
          <tlx>1423</tlx>
          <tly>2333</tly>
          <brx>1482</brx>
          <bry>2392</bry>
          <value>A1</value>
          <label>Professional use</label>
        </box>
        <box>
          <tlx>1600</tlx>
          <tly>2333</tly>
          <brx>1659</brx>
          <bry>2392</bry>
          <value>A2</value>
          <label>Personal use</label>
        </box>
        <box>
          <tlx>1778</tlx>
          <tly>2333</tly>
          <brx>1837</brx>
          <bry>2392</bry>
          <value>A3</value>
          <label>I know / I have heard to talk about it / I ave read about it</label>
        </box>
        <box>
          <tlx>1955</tlx>
          <tly>2333</tly>
          <brx>2014</brx>
          <bry>2392</bry>
          <value>A4</value>
          <label>I don't use</label>
        </box>
      </boxgroup>
      <boxgroup>
        <type>1</type>
        <width>2</width>
        <varname>55156X433X7183SQ017</varname>
        <sortorder>66</sortorder>
        <label>What tools and/or software do you use most frequently? : CAD / CAE / BIM</label>
        <groupsection idref="8"/>
        <box>
          <tlx>1423</tlx>
          <tly>2457</tly>
          <brx>1482</brx>
          <bry>2516</bry>
          <value>A1</value>
          <label>Professional use</label>
        </box>
        <box>
          <tlx>1600</tlx>
          <tly>2457</tly>
          <brx>1659</brx>
          <bry>2516</bry>
          <value>A2</value>
          <label>Personal use</label>
        </box>
        <box>
          <tlx>1778</tlx>
          <tly>2457</tly>
          <brx>1837</brx>
          <bry>2516</bry>
          <value>A3</value>
          <label>I know / I have heard to talk about it / I ave read about it</label>
        </box>
        <box>
          <tlx>1955</tlx>
          <tly>2457</tly>
          <brx>2014</brx>
          <bry>2516</bry>
          <value>A4</value>
          <label>I don't use</label>
        </box>
      </boxgroup>
      <boxgroup>
        <type>1</type>
        <width>2</width>
        <varname>55156X433X7183SQ018</varname>
        <sortorder>67</sortorder>
        <label>What tools and/or software do you use most frequently? : Rendering / 3D Modeling</label>
        <groupsection idref="8"/>
        <box>
          <tlx>1423</tlx>
          <tly>2581</tly>
          <brx>1482</brx>
          <bry>2640</bry>
          <value>A1</value>
          <label>Professional use</label>
        </box>
        <box>
          <tlx>1600</tlx>
          <tly>2581</tly>
          <brx>1659</brx>
          <bry>2640</bry>
          <value>A2</value>
          <label>Personal use</label>
        </box>
        <box>
          <tlx>1778</tlx>
          <tly>2581</tly>
          <brx>1837</brx>
          <bry>2640</bry>
          <value>A3</value>
          <label>I know / I have heard to talk about it / I ave read about it</label>
        </box>
        <box>
          <tlx>1955</tlx>
          <tly>2581</tly>
          <brx>2014</brx>
          <bry>2640</bry>
          <value>A4</value>
          <label>I don't use</label>
        </box>
      </boxgroup>
      <boxgroup>
        <type>1</type>
        <width>2</width>
        <varname>55156X433X7183SQ019</varname>
        <sortorder>68</sortorder>
        <label>What tools and/or software do you use most frequently? : OTHER</label>
        <groupsection idref="8"/>
        <box>
          <tlx>1423</tlx>
          <tly>2705</tly>
          <brx>1482</brx>
          <bry>2764</bry>
          <value>A1</value>
          <label>Professional use</label>
        </box>
        <box>
          <tlx>1600</tlx>
          <tly>2705</tly>
          <brx>1659</brx>
          <bry>2764</bry>
          <value>A2</value>
          <label>Personal use</label>
        </box>
        <box>
          <tlx>1778</tlx>
          <tly>2705</tly>
          <brx>1837</brx>
          <bry>2764</bry>
          <value>A3</value>
          <label>I know / I have heard to talk about it / I ave read about it</label>
        </box>
        <box>
          <tlx>1955</tlx>
          <tly>2705</tly>
          <brx>2014</brx>
          <bry>2764</bry>
          <value>A4</value>
          <label>I don't use</label>
        </box>
      </boxgroup>
    </page>
    <page>
      <id>05515607</id>
      <tlx>168</tlx>
      <tly>168</tly>
      <trx>2312</trx>
      <try>168</try>
      <brx>2312</brx>
      <bry>3340</bry>
      <blx>168</blx>
      <bly>3340</bly>
      <rotation>0</rotation>
      <boxgroup>
        <type>6</type>
        <width>1024</width>
        <varname>55156X433X7190</varname>
        <sortorder>69</sortorder>
        <label>If you have selected "OTHER" please detail</label>
        <groupsection idref="8"/>
        <box>
          <tlx>360</tlx>
          <tly>234</tly>
          <brx>2073</brx>
          <bry>706</bry>
          <value></value>
          <label></label>
        </box>
      </boxgroup>
      <boxgroup>
        <type>1</type>
        <width>1</width>
        <varname>55156X434X7184</varname>
        <sortorder>70</sortorder>
        <label>In your business, have you never bought (or asked to buy) proprietary software over the past 24 months? : </label>
        <groupsection idref="9"/>
        <box>
          <tlx>1984</tlx>
          <tly>1073</tly>
          <brx>2043</brx>
          <bry>1132</bry>
          <value>Y</value>
          <label>Yes</label>
        </box>
        <box>
          <tlx>1984</tlx>
          <tly>1180</tly>
          <brx>2043</brx>
          <bry>1239</bry>
          <value>N</value>
          <label>No</label>
        </box>
      </boxgroup>
      <boxgroup>
        <type>1</type>
        <width>1</width>
        <varname>55156X434X7185</varname>
        <sortorder>71</sortorder>
        <label>Do you know about the existence, in Italy, of a "Digital Public Sector Code" (CAD)? : </label>
        <groupsection idref="9"/>
        <box>
          <tlx>1984</tlx>
          <tly>1631</tly>
          <brx>2043</brx>
          <bry>1690</bry>
          <value>Y</value>
          <label>Yes</label>
        </box>
        <box>
          <tlx>1984</tlx>
          <tly>1737</tly>
          <brx>2043</brx>
          <bry>1796</bry>
          <value>N</value>
          <label>No</label>
        </box>
      </boxgroup>
      <boxgroup>
        <type>1</type>
        <width>1</width>
        <varname>55156X434X7186</varname>
        <sortorder>72</sortorder>
        <label>Have you ever made a "benchmarking" (on the reusability of the software) as required by AGID legislation? : </label>
        <groupsection idref="9"/>
        <box>
          <tlx>1984</tlx>
          <tly>1992</tly>
          <brx>2043</brx>
          <bry>2051</bry>
          <value>Y</value>
          <label>Yes</label>
        </box>
        <box>
          <tlx>1984</tlx>
          <tly>2099</tly>
          <brx>2043</brx>
          <bry>2158</bry>
          <value>N</value>
          <label>No</label>
        </box>
      </boxgroup>
      <boxgroup>
        <type>1</type>
        <width>2</width>
        <varname>55156X435X7187SQ006</varname>
        <sortorder>73</sortorder>
        <label>Free and/or open source software provides better performance than proprietary software</label>
        <groupsection idref="10"/>
        <box>
          <tlx>1423</tlx>
          <tly>2625</tly>
          <brx>1482</brx>
          <bry>2684</bry>
          <value>A1</value>
          <label>I'm agree</label>
        </box>
        <box>
          <tlx>1600</tlx>
          <tly>2625</tly>
          <brx>1659</brx>
          <bry>2684</bry>
          <value>A2</value>
          <label>I'm partially agree</label>
        </box>
        <box>
          <tlx>1778</tlx>
          <tly>2625</tly>
          <brx>1837</brx>
          <bry>2684</bry>
          <value>A3</value>
          <label>I don't agree</label>
        </box>
        <box>
          <tlx>1955</tlx>
          <tly>2625</tly>
          <brx>2014</brx>
          <bry>2684</bry>
          <value>A4</value>
          <label>Nuova opzione di risposta</label>
        </box>
      </boxgroup>
      <boxgroup>
        <type>1</type>
        <width>2</width>
        <varname>55156X435X7187SQ007</varname>
        <sortorder>74</sortorder>
        <label>Free and/or Open source software provides lower costs</label>
        <groupsection idref="10"/>
        <box>
          <tlx>1423</tlx>
          <tly>2749</tly>
          <brx>1482</brx>
          <bry>2808</bry>
          <value>A1</value>
          <label>I'm agree</label>
        </box>
        <box>
          <tlx>1600</tlx>
          <tly>2749</tly>
          <brx>1659</brx>
          <bry>2808</bry>
          <value>A2</value>
          <label>I'm partially agree</label>
        </box>
        <box>
          <tlx>1778</tlx>
          <tly>2749</tly>
          <brx>1837</brx>
          <bry>2808</bry>
          <value>A3</value>
          <label>I don't agree</label>
        </box>
        <box>
          <tlx>1955</tlx>
          <tly>2749</tly>
          <brx>2014</brx>
          <bry>2808</bry>
          <value>A4</value>
          <label>Nuova opzione di risposta</label>
        </box>
      </boxgroup>
      <boxgroup>
        <type>1</type>
        <width>2</width>
        <varname>55156X435X7187SQ008</varname>
        <sortorder>75</sortorder>
        <label>The use of Free and/or Open Source software is recommended, where possible, from the italian CAD (Digital Administration Code)</label>
        <groupsection idref="10"/>
        <box>
          <tlx>1423</tlx>
          <tly>2873</tly>
          <brx>1482</brx>
          <bry>2932</bry>
          <value>A1</value>
          <label>I'm agree</label>
        </box>
        <box>
          <tlx>1600</tlx>
          <tly>2873</tly>
          <brx>1659</brx>
          <bry>2932</bry>
          <value>A2</value>
          <label>I'm partially agree</label>
        </box>
        <box>
          <tlx>1778</tlx>
          <tly>2873</tly>
          <brx>1837</brx>
          <bry>2932</bry>
          <value>A3</value>
          <label>I don't agree</label>
        </box>
        <box>
          <tlx>1955</tlx>
          <tly>2873</tly>
          <brx>2014</brx>
          <bry>2932</bry>
          <value>A4</value>
          <label>Nuova opzione di risposta</label>
        </box>
      </boxgroup>
      <boxgroup>
        <type>1</type>
        <width>2</width>
        <varname>55156X435X7187SQ009</varname>
        <sortorder>76</sortorder>
        <label>For ethical reasons, it is more correct that the Public Administration invests public money to support Free and/or Open Source solutions</label>
        <groupsection idref="10"/>
        <box>
          <tlx>1423</tlx>
          <tly>2997</tly>
          <brx>1482</brx>
          <bry>3056</bry>
          <value>A1</value>
          <label>I'm agree</label>
        </box>
        <box>
          <tlx>1600</tlx>
          <tly>2997</tly>
          <brx>1659</brx>
          <bry>3056</bry>
          <value>A2</value>
          <label>I'm partially agree</label>
        </box>
        <box>
          <tlx>1778</tlx>
          <tly>2997</tly>
          <brx>1837</brx>
          <bry>3056</bry>
          <value>A3</value>
          <label>I don't agree</label>
        </box>
        <box>
          <tlx>1955</tlx>
          <tly>2997</tly>
          <brx>2014</brx>
          <bry>3056</bry>
          <value>A4</value>
          <label>Nuova opzione di risposta</label>
        </box>
      </boxgroup>
      <boxgroup>
        <type>1</type>
        <width>2</width>
        <varname>55156X435X7187SQ010</varname>
        <sortorder>77</sortorder>
        <label>Free and/or Open source software provides greater guarantees service continuity , not being tied to a single company</label>
        <groupsection idref="10"/>
        <box>
          <tlx>1423</tlx>
          <tly>3121</tly>
          <brx>1482</brx>
          <bry>3180</bry>
          <value>A1</value>
          <label>I'm agree</label>
        </box>
        <box>
          <tlx>1600</tlx>
          <tly>3121</tly>
          <brx>1659</brx>
          <bry>3180</bry>
          <value>A2</value>
          <label>I'm partially agree</label>
        </box>
        <box>
          <tlx>1778</tlx>
          <tly>3121</tly>
          <brx>1837</brx>
          <bry>3180</bry>
          <value>A3</value>
          <label>I don't agree</label>
        </box>
        <box>
          <tlx>1955</tlx>
          <tly>3121</tly>
          <brx>2014</brx>
          <bry>3180</bry>
          <value>A4</value>
          <label>Nuova opzione di risposta</label>
        </box>
      </boxgroup>
    </page>
  </questionnaire>
</queXF>
